Claim_ID,Return_Description,Text_Length,Urgency_Level,Customer_Type,Previous_Return_Count,Claim_Amount,Payment_Method,Image_Provided,Fraud_Label,Return_Description_Clean,Description_Length,Description_Word_Count,Fraud_Keyword_Count,Urgency_Score
1,Wrong product received,32,High,Frequent,3,454.19,Credit Card,Yes,Fraud,Wrong product received,22,3,0,3
2,Item arrived damaged,35,Low,Returning,3,1015.66,Credit Card,Yes,Fraud,Item arrived damaged,20,3,0,1
3,Changed my mind,249,High,Frequent,0,1520.03,Debit Card,No,Fraud,Changed my mind,15,3,0,3
4,Size does not fit,99,Low,Frequent,1,194.56,Credit Card,No,Fraud,Size does not fit,17,4,0,1
5,Package was empty,155,Low,VIP,8,258.4,Net Banking,Yes,Fraud,Package was empty,17,3,0,1
6,Package was empty,205,High,Returning,1,101.19,Debit Card,No,Legitimate,Package was empty,17,3,0,3
7,Changed my mind,71,Medium,Frequent,7,1275.01,UPI,Yes,Fraud,Changed my mind,15,3,0,2
8,Defective after one use,127,High,Frequent,10,1299.59,Cash on Delivery,Yes,Legitimate,Defective after one use,23,4,0,3
9,Product not as described,256,Medium,Frequent,10,1379.44,Debit Card,No,Legitimate,Product not as described,24,4,0,2
10,Changed my mind,36,Medium,VIP,4,141.72,Cash on Delivery,No,Legitimate,Changed my mind,15,3,0,2
11,Missing parts,222,High,VIP,2,537.11,Debit Card,No,Fraud,Missing parts,13,2,0,3
12,Package was empty,224,Medium,Returning,2,1023.96,Credit Card,Yes,Legitimate,Package was empty,17,3,0,2
13,Product not as described,101,High,VIP,9,136.42,Net Banking,No,Fraud,Product not as described,24,4,0,3
14,Fake product received,25,High,New,10,1770.73,UPI,No,Legitimate,Fake product received,21,3,1,3
15,Size does not fit,242,Low,VIP,0,1908.09,UPI,Yes,Legitimate,Size does not fit,17,4,0,1
16,Size does not fit,279,High,Returning,2,754.09,Debit Card,Yes,Fraud,Size does not fit,17,4,0,3
17,Missing parts,29,Low,Frequent,4,486.51,Debit Card,Yes,Legitimate,Missing parts,13,2,0,1
18,Missing parts,55,High,Returning,2,1322.9,Cash on Delivery,Yes,Fraud,Missing parts,13,2,0,3
19,Fake product received,236,Low,Returning,4,803.99,UPI,No,Fraud,Fake product received,21,3,1,1
20,Wrong product received,146,Low,New,5,51.86,Cash on Delivery,Yes,Legitimate,Wrong product received,22,3,0,1
21,Item arrived damaged,56,High,New,3,144.13,Credit Card,No,Legitimate,Item arrived damaged,20,3,0,3
22,Fake product received,141,Medium,VIP,3,1083.08,Cash on Delivery,No,Legitimate,Fake product received,21,3,1,2
23,Missing parts,228,Low,New,1,1321.38,UPI,No,Fraud,Missing parts,13,2,0,1
24,Missing parts,47,High,New,0,811.22,UPI,Yes,Legitimate,Missing parts,13,2,0,3
25,Changed my mind,117,High,VIP,2,849.54,UPI,No,Legitimate,Changed my mind,15,3,0,3
26,Wrong product received,246,High,New,0,1307.77,Cash on Delivery,Yes,Legitimate,Wrong product received,22,3,0,3
27,Changed my mind,105,Medium,VIP,7,435.36,Net Banking,Yes,Legitimate,Changed my mind,15,3,0,2
28,Color mismatch,21,Medium,Frequent,7,577.65,Cash on Delivery,No,Legitimate,Color mismatch,14,2,0,2
29,Changed my mind,171,Low,New,9,1474.12,Credit Card,No,Legitimate,Changed my mind,15,3,0,1
30,Item arrived damaged,264,High,Returning,0,1921.95,Credit Card,Yes,Legitimate,Item arrived damaged,20,3,0,3
31,Package was empty,54,High,Returning,6,248.57,Cash on Delivery,Yes,Legitimate,Package was empty,17,3,0,3
32,Package was empty,61,Medium,Frequent,4,416.48,UPI,Yes,Fraud,Package was empty,17,3,0,2
33,Color mismatch,87,High,Frequent,7,639.19,Credit Card,Yes,Fraud,Color mismatch,14,2,0,3
34,Package was empty,71,Low,Returning,8,537.75,UPI,Yes,Legitimate,Package was empty,17,3,0,1
35,Defective after one use,165,Low,VIP,8,1410.04,Cash on Delivery,Yes,Fraud,Defective after one use,23,4,0,1
36,Wrong product received,88,Medium,New,1,1487.41,Debit Card,No,Fraud,Wrong product received,22,3,0,2
37,Package was empty,127,High,Frequent,3,1378.12,UPI,No,Fraud,Package was empty,17,3,0,3
38,Item arrived damaged,67,High,VIP,4,97.73,UPI,Yes,Fraud,Item arrived damaged,20,3,0,3
39,Product not as described,246,High,VIP,8,29.24,Credit Card,Yes,Legitimate,Product not as described,24,4,0,3
40,Defective after one use,95,Medium,Returning,0,623.43,Credit Card,No,Legitimate,Defective after one use,23,4,0,2
41,Changed my mind,72,Medium,VIP,9,1501.46,Debit Card,Yes,Legitimate,Changed my mind,15,3,0,2
42,Color mismatch,32,Low,Frequent,6,1606.45,Debit Card,No,Legitimate,Color mismatch,14,2,0,1
43,Wrong product received,215,Low,VIP,3,407.15,Net Banking,No,Fraud,Wrong product received,22,3,0,1
44,Changed my mind,134,Low,Returning,6,663.24,Credit Card,No,Fraud,Changed my mind,15,3,0,1
45,Fake product received,224,High,Frequent,0,239.53,UPI,Yes,Fraud,Fake product received,21,3,1,3
46,Item arrived damaged,75,High,VIP,5,1459.8,UPI,No,Legitimate,Item arrived damaged,20,3,0,3
47,Color mismatch,117,Medium,New,6,13.37,Cash on Delivery,Yes,Fraud,Color mismatch,14,2,0,2
48,Color mismatch,55,High,Frequent,9,634.69,Credit Card,No,Fraud,Color mismatch,14,2,0,3
49,Color mismatch,187,Medium,Frequent,8,263.3,Net Banking,No,Legitimate,Color mismatch,14,2,0,2
50,Package was empty,174,Medium,New,4,580.96,Net Banking,No,Fraud,Package was empty,17,3,0,2
51,Missing parts,246,High,Returning,8,951.64,Debit Card,Yes,Fraud,Missing parts,13,2,0,3
52,Fake product received,191,Low,Returning,10,627.73,Debit Card,Yes,Legitimate,Fake product received,21,3,1,1
53,Item arrived damaged,145,Medium,New,7,834.74,Cash on Delivery,Yes,Fraud,Item arrived damaged,20,3,0,2
54,Missing parts,224,Low,Returning,10,1378.37,Credit Card,No,Legitimate,Missing parts,13,2,0,1
55,Product not as described,285,Medium,New,8,505.9,Credit Card,No,Legitimate,Product not as described,24,4,0,2
56,Missing parts,291,High,Frequent,7,1229.18,Cash on Delivery,No,Fraud,Missing parts,13,2,0,3
57,Product not as described,263,Medium,Frequent,3,1681.33,UPI,No,Legitimate,Product not as described,24,4,0,2
58,Size does not fit,245,Low,Frequent,3,550.71,UPI,Yes,Legitimate,Size does not fit,17,4,0,1
59,Product not as described,138,Medium,Returning,3,137.82,Net Banking,No,Fraud,Product not as described,24,4,0,2
60,Color mismatch,51,Low,VIP,6,1810.63,Cash on Delivery,Yes,Fraud,Color mismatch,14,2,0,1
61,Missing parts,23,Medium,Frequent,6,1708.36,Net Banking,Yes,Fraud,Missing parts,13,2,0,2
62,Changed my mind,159,Medium,VIP,0,783.83,Net Banking,Yes,Fraud,Changed my mind,15,3,0,2
63,Product not as described,293,Low,VIP,9,1133.14,Credit Card,Yes,Fraud,Product not as described,24,4,0,1
64,Product not as described,256,Low,New,4,764.42,Debit Card,No,Fraud,Product not as described,24,4,0,1
65,Defective after one use,214,Medium,VIP,4,1671.47,Net Banking,Yes,Legitimate,Defective after one use,23,4,0,2
66,Defective after one use,134,High,New,10,90.11,Credit Card,Yes,Legitimate,Defective after one use,23,4,0,3
67,Item arrived damaged,98,Low,Returning,7,1342.22,Cash on Delivery,Yes,Fraud,Item arrived damaged,20,3,0,1
68,Size does not fit,208,Low,New,2,1929.79,Credit Card,Yes,Fraud,Size does not fit,17,4,0,1
69,Package was empty,212,Medium,Returning,1,1188.27,Debit Card,Yes,Fraud,Package was empty,17,3,0,2
70,Package was empty,81,High,New,5,1070.16,UPI,Yes,Fraud,Package was empty,17,3,0,3
71,Item arrived damaged,235,Medium,New,6,1921.97,Net Banking,Yes,Fraud,Item arrived damaged,20,3,0,2
72,Product not as described,287,High,Frequent,9,1618.32,Cash on Delivery,No,Fraud,Product not as described,24,4,0,3
73,Color mismatch,157,Medium,Returning,1,565.07,Net Banking,Yes,Fraud,Color mismatch,14,2,0,2
74,Package was empty,214,Medium,New,7,1703.4,Debit Card,No,Legitimate,Package was empty,17,3,0,2
75,Defective after one use,152,Medium,Frequent,9,1405.36,UPI,Yes,Legitimate,Defective after one use,23,4,0,2
76,Wrong product received,143,High,VIP,7,1114.8,Debit Card,No,Fraud,Wrong product received,22,3,0,3
77,Missing parts,28,Low,Frequent,3,814.76,Debit Card,No,Fraud,Missing parts,13,2,0,1
78,Missing parts,291,Medium,VIP,8,668.27,Net Banking,No,Fraud,Missing parts,13,2,0,2
79,Size does not fit,138,Low,Returning,5,247.91,Cash on Delivery,Yes,Legitimate,Size does not fit,17,4,0,1
80,Changed my mind,267,Medium,Frequent,1,1666.93,UPI,Yes,Fraud,Changed my mind,15,3,0,2
81,Product not as described,174,Low,Returning,4,100.58,Credit Card,No,Legitimate,Product not as described,24,4,0,1
82,Missing parts,72,Low,Frequent,7,962.64,UPI,Yes,Legitimate,Missing parts,13,2,0,1
83,Size does not fit,264,Low,New,6,988.58,Cash on Delivery,Yes,Legitimate,Size does not fit,17,4,0,1
84,Product not as described,175,Low,Returning,1,1120.57,Net Banking,Yes,Fraud,Product not as described,24,4,0,1
85,Missing parts,246,Medium,VIP,4,1141.57,Credit Card,Yes,Legitimate,Missing parts,13,2,0,2
86,Changed my mind,155,High,New,2,487.33,Cash on Delivery,Yes,Legitimate,Changed my mind,15,3,0,3
87,Item arrived damaged,229,Medium,VIP,4,74.95,UPI,No,Fraud,Item arrived damaged,20,3,0,2
88,Wrong product received,139,Medium,Returning,6,238.4,Debit Card,Yes,Fraud,Wrong product received,22,3,0,2
89,Product not as described,56,Low,Returning,4,1194.14,Cash on Delivery,No,Fraud,Product not as described,24,4,0,1
90,Wrong product received,259,High,Frequent,6,1885.93,Cash on Delivery,No,Fraud,Wrong product received,22,3,0,3
91,Wrong product received,40,Medium,Frequent,9,508.23,Credit Card,Yes,Legitimate,Wrong product received,22,3,0,2
92,Size does not fit,40,Low,VIP,8,1306.5,UPI,Yes,Fraud,Size does not fit,17,4,0,1
93,Missing parts,66,Medium,Frequent,6,673.28,Credit Card,Yes,Fraud,Missing parts,13,2,0,2
94,Color mismatch,273,Medium,VIP,8,83.03,Credit Card,No,Fraud,Color mismatch,14,2,0,2
95,Defective after one use,79,Medium,New,10,1740.04,Net Banking,No,Legitimate,Defective after one use,23,4,0,2
96,Changed my mind,285,Medium,VIP,10,889.66,Credit Card,Yes,Fraud,Changed my mind,15,3,0,2
97,Fake product received,87,Medium,VIP,7,251.64,Cash on Delivery,Yes,Legitimate,Fake product received,21,3,1,2
98,Size does not fit,27,High,VIP,1,457.15,Credit Card,No,Legitimate,Size does not fit,17,4,0,3
99,Product not as described,275,High,Frequent,8,1413.77,Net Banking,No,Fraud,Product not as described,24,4,0,3
100,Changed my mind,253,High,Returning,6,389.31,Cash on Delivery,Yes,Legitimate,Changed my mind,15,3,0,3
101,Size does not fit,232,Medium,Frequent,0,572.85,UPI,No,Legitimate,Size does not fit,17,4,0,2
102,Missing parts,295,Medium,Frequent,5,1108.32,Cash on Delivery,No,Fraud,Missing parts,13,2,0,2
103,Defective after one use,116,High,Returning,9,772.11,Net Banking,Yes,Fraud,Defective after one use,23,4,0,3
104,Missing parts,215,Medium,Returning,7,1930.0,Debit Card,No,Legitimate,Missing parts,13,2,0,2
105,Missing parts,71,High,VIP,0,1447.66,Net Banking,Yes,Legitimate,Missing parts,13,2,0,3
106,Missing parts,155,Medium,VIP,10,169.83,UPI,No,Fraud,Missing parts,13,2,0,2
107,Missing parts,297,Low,New,3,1266.01,UPI,Yes,Legitimate,Missing parts,13,2,0,1
108,Color mismatch,70,High,New,7,341.07,UPI,Yes,Legitimate,Color mismatch,14,2,0,3
109,Defective after one use,48,Medium,Frequent,5,867.07,Debit Card,No,Legitimate,Defective after one use,23,4,0,2
110,Product not as described,109,Low,VIP,9,1369.44,Net Banking,Yes,Legitimate,Product not as described,24,4,0,1
111,Missing parts,150,Medium,Frequent,10,28.7,Net Banking,No,Legitimate,Missing parts,13,2,0,2
112,Wrong product received,246,Medium,Frequent,10,1924.44,UPI,No,Fraud,Wrong product received,22,3,0,2
113,Changed my mind,216,Medium,New,3,768.91,UPI,No,Fraud,Changed my mind,15,3,0,2
114,Item arrived damaged,222,Medium,New,9,1731.48,Credit Card,No,Fraud,Item arrived damaged,20,3,0,2
115,Changed my mind,200,Low,Returning,9,508.75,Debit Card,Yes,Legitimate,Changed my mind,15,3,0,1
116,Size does not fit,245,Low,Frequent,2,189.37,UPI,No,Fraud,Size does not fit,17,4,0,1
117,Product not as described,122,Low,Frequent,8,1008.57,UPI,Yes,Fraud,Product not as described,24,4,0,1
118,Missing parts,171,High,Frequent,1,941.98,Credit Card,Yes,Legitimate,Missing parts,13,2,0,3
119,Color mismatch,207,Low,VIP,0,536.27,Credit Card,No,Fraud,Color mismatch,14,2,0,1
120,Size does not fit,215,High,Frequent,1,1352.92,Net Banking,Yes,Fraud,Size does not fit,17,4,0,3
121,Package was empty,133,High,New,10,1649.47,UPI,No,Legitimate,Package was empty,17,3,0,3
122,Product not as described,43,Low,Frequent,7,241.08,Debit Card,Yes,Fraud,Product not as described,24,4,0,1
123,Missing parts,209,High,VIP,9,1487.12,Debit Card,No,Legitimate,Missing parts,13,2,0,3
124,Missing parts,228,Medium,New,5,442.37,Net Banking,Yes,Fraud,Missing parts,13,2,0,2
125,Wrong product received,208,High,Frequent,0,802.3,Debit Card,Yes,Fraud,Wrong product received,22,3,0,3
126,Wrong product received,128,High,New,0,1575.72,Debit Card,Yes,Legitimate,Wrong product received,22,3,0,3
127,Wrong product received,126,High,Returning,3,663.83,Debit Card,Yes,Fraud,Wrong product received,22,3,0,3
128,Product not as described,86,High,Frequent,2,228.75,Credit Card,Yes,Legitimate,Product not as described,24,4,0,3
129,Defective after one use,141,High,Frequent,0,356.75,Credit Card,Yes,Fraud,Defective after one use,23,4,0,3
130,Fake product received,78,High,New,7,902.07,UPI,Yes,Fraud,Fake product received,21,3,1,3
131,Fake product received,133,High,New,10,1047.69,Net Banking,Yes,Legitimate,Fake product received,21,3,1,3
132,Missing parts,225,Medium,New,7,1427.68,Net Banking,Yes,Legitimate,Missing parts,13,2,0,2
133,Defective after one use,95,Low,Returning,4,1252.39,Cash on Delivery,No,Fraud,Defective after one use,23,4,0,1
134,Package was empty,291,Medium,VIP,8,1214.8,Credit Card,Yes,Legitimate,Package was empty,17,3,0,2
135,Color mismatch,251,Low,VIP,5,1656.56,Net Banking,No,Legitimate,Color mismatch,14,2,0,1
136,Defective after one use,238,Medium,Frequent,5,1907.65,Net Banking,Yes,Legitimate,Defective after one use,23,4,0,2
137,Wrong product received,67,Medium,New,5,1625.42,Cash on Delivery,Yes,Fraud,Wrong product received,22,3,0,2
138,Wrong product received,230,Medium,VIP,0,1937.11,Cash on Delivery,No,Fraud,Wrong product received,22,3,0,2
139,Wrong product received,279,Low,Returning,10,969.56,Credit Card,No,Fraud,Wrong product received,22,3,0,1
140,Wrong product received,162,High,Returning,6,1691.86,Cash on Delivery,Yes,Fraud,Wrong product received,22,3,0,3
141,Item arrived damaged,112,Medium,Frequent,5,708.54,Debit Card,Yes,Fraud,Item arrived damaged,20,3,0,2
142,Wrong product received,92,High,New,1,1494.76,Debit Card,No,Fraud,Wrong product received,22,3,0,3
143,Missing parts,194,Low,Frequent,4,1445.98,Cash on Delivery,Yes,Legitimate,Missing parts,13,2,0,1
144,Product not as described,100,High,New,10,172.35,Net Banking,No,Fraud,Product not as described,24,4,0,3
145,Package was empty,246,Medium,Frequent,3,1512.34,Credit Card,No,Fraud,Package was empty,17,3,0,2
146,Wrong product received,165,High,VIP,8,1337.59,Credit Card,Yes,Fraud,Wrong product received,22,3,0,3
147,Package was empty,48,Low,Returning,4,1891.19,Debit Card,No,Fraud,Package was empty,17,3,0,1
148,Defective after one use,81,Low,VIP,6,359.63,Net Banking,Yes,Fraud,Defective after one use,23,4,0,1
149,Wrong product received,223,High,New,6,47.3,Credit Card,No,Fraud,Wrong product received,22,3,0,3
150,Package was empty,227,High,VIP,4,239.2,Credit Card,No,Legitimate,Package was empty,17,3,0,3
151,Package was empty,255,High,Frequent,1,879.06,Credit Card,Yes,Fraud,Package was empty,17,3,0,3
152,Package was empty,225,High,New,6,1742.34,UPI,Yes,Fraud,Package was empty,17,3,0,3
153,Product not as described,59,High,New,8,1024.8,UPI,No,Legitimate,Product not as described,24,4,0,3
154,Changed my mind,72,Low,Frequent,3,355.26,Debit Card,Yes,Legitimate,Changed my mind,15,3,0,1
155,Missing parts,257,High,VIP,10,1849.07,Cash on Delivery,No,Fraud,Missing parts,13,2,0,3
156,Product not as described,245,Low,VIP,7,1266.46,UPI,Yes,Fraud,Product not as described,24,4,0,1
157,Fake product received,57,Medium,VIP,7,84.84,UPI,No,Legitimate,Fake product received,21,3,1,2
158,Wrong product received,279,Medium,VIP,9,1113.09,Credit Card,No,Legitimate,Wrong product received,22,3,0,2
159,Defective after one use,263,High,Returning,0,906.54,UPI,Yes,Legitimate,Defective after one use,23,4,0,3
160,Item arrived damaged,146,High,VIP,7,1052.9,Cash on Delivery,Yes,Fraud,Item arrived damaged,20,3,0,3
161,Defective after one use,164,Medium,VIP,5,1361.01,Credit Card,No,Legitimate,Defective after one use,23,4,0,2
162,Defective after one use,68,High,VIP,4,511.47,Cash on Delivery,Yes,Fraud,Defective after one use,23,4,0,3
163,Wrong product received,92,Medium,Frequent,10,1399.98,Net Banking,Yes,Legitimate,Wrong product received,22,3,0,2
164,Size does not fit,212,High,Frequent,2,1343.53,Cash on Delivery,Yes,Fraud,Size does not fit,17,4,0,3
165,Fake product received,205,Low,Frequent,4,368.72,Debit Card,No,Fraud,Fake product received,21,3,1,1
166,Changed my mind,135,Low,Returning,1,598.63,Credit Card,Yes,Fraud,Changed my mind,15,3,0,1
167,Package was empty,87,High,VIP,2,332.87,Cash on Delivery,Yes,Fraud,Package was empty,17,3,0,3
168,Item arrived damaged,230,Medium,Returning,7,1225.08,Net Banking,Yes,Legitimate,Item arrived damaged,20,3,0,2
169,Size does not fit,260,Low,Frequent,10,1894.79,Net Banking,No,Fraud,Size does not fit,17,4,0,1
170,Color mismatch,277,High,VIP,2,1635.61,Cash on Delivery,Yes,Fraud,Color mismatch,14,2,0,3
171,Item arrived damaged,266,Medium,New,8,1703.82,UPI,Yes,Legitimate,Item arrived damaged,20,3,0,2
172,Size does not fit,250,High,Returning,6,192.51,Debit Card,No,Fraud,Size does not fit,17,4,0,3
173,Item arrived damaged,232,Low,VIP,8,754.18,Net Banking,Yes,Fraud,Item arrived damaged,20,3,0,1
174,Changed my mind,34,Medium,New,10,677.23,Debit Card,Yes,Legitimate,Changed my mind,15,3,0,2
175,Size does not fit,261,High,Returning,7,902.72,Credit Card,Yes,Legitimate,Size does not fit,17,4,0,3
176,Size does not fit,130,Low,VIP,1,1554.58,Debit Card,No,Legitimate,Size does not fit,17,4,0,1
177,Item arrived damaged,142,Medium,VIP,1,230.61,Net Banking,Yes,Legitimate,Item arrived damaged,20,3,0,2
178,Product not as described,169,Medium,New,9,712.1,Cash on Delivery,No,Legitimate,Product not as described,24,4,0,2
179,Wrong product received,288,Medium,New,8,1092.72,Cash on Delivery,Yes,Fraud,Wrong product received,22,3,0,2
180,Missing parts,42,High,VIP,5,514.76,Credit Card,No,Legitimate,Missing parts,13,2,0,3
181,Defective after one use,143,High,New,9,1473.02,UPI,Yes,Legitimate,Defective after one use,23,4,0,3
182,Defective after one use,299,Medium,Returning,10,934.6,Net Banking,Yes,Legitimate,Defective after one use,23,4,0,2
183,Wrong product received,254,Low,Frequent,3,97.17,Debit Card,Yes,Fraud,Wrong product received,22,3,0,1
184,Size does not fit,283,Medium,VIP,4,82.88,Debit Card,No,Fraud,Size does not fit,17,4,0,2
185,Item arrived damaged,189,Medium,New,5,879.53,Net Banking,No,Fraud,Item arrived damaged,20,3,0,2
186,Defective after one use,115,Medium,VIP,5,1849.38,Cash on Delivery,No,Legitimate,Defective after one use,23,4,0,2
187,Color mismatch,60,Medium,Returning,8,594.6,Credit Card,Yes,Fraud,Color mismatch,14,2,0,2
188,Size does not fit,176,Medium,VIP,2,1382.63,UPI,No,Legitimate,Size does not fit,17,4,0,2
189,Defective after one use,242,Medium,New,1,1345.66,Net Banking,No,Legitimate,Defective after one use,23,4,0,2
190,Item arrived damaged,93,High,VIP,0,261.2,Debit Card,No,Fraud,Item arrived damaged,20,3,0,3
191,Color mismatch,36,High,Returning,10,905.35,UPI,No,Fraud,Color mismatch,14,2,0,3
192,Wrong product received,90,High,Frequent,6,635.63,UPI,Yes,Legitimate,Wrong product received,22,3,0,3
193,Item arrived damaged,115,Medium,VIP,8,244.34,UPI,No,Legitimate,Item arrived damaged,20,3,0,2
194,Package was empty,166,High,VIP,3,254.05,Credit Card,No,Legitimate,Package was empty,17,3,0,3
195,Missing parts,64,High,Frequent,10,701.38,Credit Card,No,Fraud,Missing parts,13,2,0,3
196,Product not as described,109,Medium,Returning,1,1970.41,Debit Card,Yes,Fraud,Product not as described,24,4,0,2
197,Item arrived damaged,204,High,Frequent,7,1609.29,Cash on Delivery,Yes,Legitimate,Item arrived damaged,20,3,0,3
198,Wrong product received,178,Medium,VIP,8,827.48,Net Banking,Yes,Legitimate,Wrong product received,22,3,0,2
199,Defective after one use,57,Medium,VIP,10,1039.55,Debit Card,Yes,Legitimate,Defective after one use,23,4,0,2
200,Color mismatch,277,Low,New,8,314.5,Debit Card,Yes,Fraud,Color mismatch,14,2,0,1
201,Changed my mind,197,High,Frequent,1,508.7,Cash on Delivery,No,Legitimate,Changed my mind,15,3,0,3
202,Size does not fit,293,Low,Returning,9,1883.8,Debit Card,Yes,Fraud,Size does not fit,17,4,0,1
203,Package was empty,41,Low,New,0,1897.61,Cash on Delivery,No,Legitimate,Package was empty,17,3,0,1
204,Package was empty,233,High,New,7,1779.1,Cash on Delivery,No,Fraud,Package was empty,17,3,0,3
205,Missing parts,145,High,VIP,4,912.55,Credit Card,Yes,Fraud,Missing parts,13,2,0,3
206,Color mismatch,267,Medium,Returning,5,1217.25,UPI,No,Fraud,Color mismatch,14,2,0,2
207,Color mismatch,86,Medium,New,5,491.06,Credit Card,No,Fraud,Color mismatch,14,2,0,2
208,Changed my mind,92,Low,New,4,1891.32,Cash on Delivery,No,Legitimate,Changed my mind,15,3,0,1
209,Product not as described,187,High,Frequent,3,1528.61,Net Banking,No,Fraud,Product not as described,24,4,0,3
210,Size does not fit,274,Low,New,6,1015.83,Debit Card,Yes,Fraud,Size does not fit,17,4,0,1
211,Item arrived damaged,45,Medium,VIP,9,1765.86,Net Banking,No,Legitimate,Item arrived damaged,20,3,0,2
212,Wrong product received,240,Low,Frequent,5,1530.07,UPI,Yes,Fraud,Wrong product received,22,3,0,1
213,Item arrived damaged,119,Medium,Frequent,1,778.83,Net Banking,No,Legitimate,Item arrived damaged,20,3,0,2
214,Product not as described,69,Medium,Frequent,5,1120.09,UPI,Yes,Legitimate,Product not as described,24,4,0,2
215,Package was empty,280,Medium,New,0,87.44,UPI,No,Fraud,Package was empty,17,3,0,2
216,Product not as described,283,Low,Frequent,9,643.87,Net Banking,No,Fraud,Product not as described,24,4,0,1
217,Fake product received,280,High,VIP,9,606.58,Credit Card,No,Fraud,Fake product received,21,3,1,3
218,Wrong product received,233,High,Frequent,10,63.03,Net Banking,No,Legitimate,Wrong product received,22,3,0,3
219,Item arrived damaged,265,Low,VIP,2,1645.11,Debit Card,Yes,Legitimate,Item arrived damaged,20,3,0,1
220,Changed my mind,29,Medium,Frequent,6,311.35,Debit Card,No,Fraud,Changed my mind,15,3,0,2
221,Item arrived damaged,90,High,Returning,8,656.85,Net Banking,No,Fraud,Item arrived damaged,20,3,0,3
222,Product not as described,255,High,Frequent,8,715.03,UPI,No,Legitimate,Product not as described,24,4,0,3
223,Changed my mind,162,High,Frequent,3,1883.56,UPI,No,Legitimate,Changed my mind,15,3,0,3
224,Missing parts,182,Medium,Frequent,8,1868.06,UPI,No,Legitimate,Missing parts,13,2,0,2
225,Package was empty,298,Medium,VIP,5,1909.67,Debit Card,No,Legitimate,Package was empty,17,3,0,2
226,Size does not fit,60,Medium,VIP,10,520.32,Net Banking,Yes,Legitimate,Size does not fit,17,4,0,2
227,Fake product received,158,High,Frequent,2,227.36,Cash on Delivery,Yes,Legitimate,Fake product received,21,3,1,3
228,Item arrived damaged,291,Low,Returning,0,209.39,UPI,No,Legitimate,Item arrived damaged,20,3,0,1
229,Product not as described,22,High,Returning,6,1309.26,Net Banking,No,Legitimate,Product not as described,24,4,0,3
230,Size does not fit,184,Medium,New,1,1308.07,Debit Card,Yes,Legitimate,Size does not fit,17,4,0,2
231,Color mismatch,110,Low,VIP,7,380.76,UPI,Yes,Legitimate,Color mismatch,14,2,0,1
232,Size does not fit,74,Medium,Frequent,7,1978.31,Cash on Delivery,No,Legitimate,Size does not fit,17,4,0,2
233,Fake product received,259,Medium,Returning,1,668.06,Net Banking,No,Legitimate,Fake product received,21,3,1,2
234,Item arrived damaged,192,Medium,Returning,2,1225.8,Net Banking,No,Fraud,Item arrived damaged,20,3,0,2
235,Wrong product received,225,High,New,2,1963.55,Net Banking,No,Legitimate,Wrong product received,22,3,0,3
236,Item arrived damaged,153,Medium,Returning,7,1509.98,UPI,No,Legitimate,Item arrived damaged,20,3,0,2
237,Size does not fit,204,High,Returning,0,1338.89,Net Banking,No,Legitimate,Size does not fit,17,4,0,3
238,Color mismatch,277,High,Frequent,1,1281.04,UPI,No,Legitimate,Color mismatch,14,2,0,3
239,Changed my mind,88,Medium,Returning,7,1497.99,Cash on Delivery,No,Fraud,Changed my mind,15,3,0,2
240,Fake product received,261,High,Returning,3,1363.88,Cash on Delivery,Yes,Fraud,Fake product received,21,3,1,3
241,Fake product received,205,Low,New,0,1659.26,Cash on Delivery,Yes,Legitimate,Fake product received,21,3,1,1
242,Product not as described,187,High,VIP,1,1363.79,Cash on Delivery,No,Legitimate,Product not as described,24,4,0,3
243,Fake product received,248,Low,VIP,2,1031.36,Net Banking,Yes,Fraud,Fake product received,21,3,1,1
244,Size does not fit,31,Medium,Frequent,0,1494.15,Cash on Delivery,Yes,Legitimate,Size does not fit,17,4,0,2
245,Color mismatch,196,High,New,8,1988.31,Credit Card,No,Legitimate,Color mismatch,14,2,0,3
246,Size does not fit,229,Low,Returning,10,1956.88,Net Banking,No,Fraud,Size does not fit,17,4,0,1
247,Missing parts,213,Medium,New,10,1928.65,Cash on Delivery,Yes,Fraud,Missing parts,13,2,0,2
248,Wrong product received,111,High,VIP,8,263.42,Debit Card,Yes,Legitimate,Wrong product received,22,3,0,3
249,Size does not fit,257,High,VIP,8,764.76,Debit Card,Yes,Fraud,Size does not fit,17,4,0,3
250,Defective after one use,99,Medium,Returning,1,74.11,Net Banking,Yes,Legitimate,Defective after one use,23,4,0,2
251,Changed my mind,54,Low,New,7,1199.59,Credit Card,Yes,Legitimate,Changed my mind,15,3,0,1
252,Color mismatch,244,Low,Returning,0,288.87,UPI,Yes,Fraud,Color mismatch,14,2,0,1
253,Package was empty,184,Low,Frequent,2,1971.53,Cash on Delivery,Yes,Fraud,Package was empty,17,3,0,1
254,Size does not fit,160,Low,Returning,10,1360.71,Cash on Delivery,No,Legitimate,Size does not fit,17,4,0,1
255,Defective after one use,215,High,Frequent,6,822.44,UPI,No,Legitimate,Defective after one use,23,4,0,3
256,Fake product received,262,Low,Returning,4,1716.51,Debit Card,No,Legitimate,Fake product received,21,3,1,1
257,Fake product received,231,Medium,Returning,6,493.29,Debit Card,No,Legitimate,Fake product received,21,3,1,2
258,Missing parts,209,Low,Returning,0,544.24,Cash on Delivery,Yes,Legitimate,Missing parts,13,2,0,1
259,Changed my mind,131,Medium,Returning,5,613.34,Credit Card,Yes,Legitimate,Changed my mind,15,3,0,2
260,Wrong product received,265,Low,Returning,6,1831.1,Cash on Delivery,No,Fraud,Wrong product received,22,3,0,1
261,Color mismatch,258,High,Frequent,4,530.51,Cash on Delivery,No,Fraud,Color mismatch,14,2,0,3
262,Wrong product received,260,Medium,Returning,5,632.71,Credit Card,Yes,Legitimate,Wrong product received,22,3,0,2
263,Item arrived damaged,153,High,VIP,4,313.3,UPI,Yes,Fraud,Item arrived damaged,20,3,0,3
264,Package was empty,145,Medium,Frequent,4,1529.09,Net Banking,No,Fraud,Package was empty,17,3,0,2
265,Product not as described,200,Low,Returning,8,981.75,Cash on Delivery,Yes,Legitimate,Product not as described,24,4,0,1
266,Wrong product received,44,Low,VIP,2,1686.66,Debit Card,Yes,Legitimate,Wrong product received,22,3,0,1
267,Item arrived damaged,131,High,VIP,5,130.3,Cash on Delivery,No,Fraud,Item arrived damaged,20,3,0,3
268,Item arrived damaged,23,High,VIP,0,43.29,UPI,No,Legitimate,Item arrived damaged,20,3,0,3
269,Fake product received,240,Low,New,1,1053.53,Debit Card,Yes,Fraud,Fake product received,21,3,1,1
270,Defective after one use,156,Medium,New,5,1919.0,Net Banking,Yes,Legitimate,Defective after one use,23,4,0,2
271,Size does not fit,61,High,New,1,816.5,Net Banking,No,Legitimate,Size does not fit,17,4,0,3
272,Item arrived damaged,107,Low,VIP,6,1293.37,UPI,Yes,Legitimate,Item arrived damaged,20,3,0,1
273,Changed my mind,128,High,VIP,4,102.66,Credit Card,No,Legitimate,Changed my mind,15,3,0,3
274,Product not as described,181,Low,Returning,9,296.94,Net Banking,Yes,Fraud,Product not as described,24,4,0,1
275,Product not as described,143,High,VIP,10,1794.09,UPI,No,Legitimate,Product not as described,24,4,0,3
276,Wrong product received,276,High,Frequent,0,204.39,Debit Card,Yes,Fraud,Wrong product received,22,3,0,3
277,Package was empty,223,Medium,New,10,553.92,Net Banking,No,Legitimate,Package was empty,17,3,0,2
278,Defective after one use,212,Medium,Returning,10,1175.89,Net Banking,Yes,Fraud,Defective after one use,23,4,0,2
279,Changed my mind,57,Low,Frequent,2,766.2,Debit Card,No,Fraud,Changed my mind,15,3,0,1
280,Defective after one use,74,Low,New,4,895.02,UPI,Yes,Legitimate,Defective after one use,23,4,0,1
281,Wrong product received,115,Medium,VIP,8,1113.93,Net Banking,Yes,Legitimate,Wrong product received,22,3,0,2
282,Wrong product received,201,High,New,9,1200.11,UPI,No,Legitimate,Wrong product received,22,3,0,3
283,Size does not fit,231,Medium,New,8,1811.36,Debit Card,Yes,Fraud,Size does not fit,17,4,0,2
284,Product not as described,91,Medium,Frequent,4,991.32,Credit Card,Yes,Fraud,Product not as described,24,4,0,2
285,Size does not fit,235,Medium,VIP,1,728.64,Debit Card,No,Legitimate,Size does not fit,17,4,0,2
286,Missing parts,74,Low,Frequent,0,1898.16,UPI,No,Fraud,Missing parts,13,2,0,1
287,Missing parts,191,Medium,Returning,4,648.12,Debit Card,No,Fraud,Missing parts,13,2,0,2
288,Product not as described,223,Medium,Frequent,10,987.1,Cash on Delivery,Yes,Fraud,Product not as described,24,4,0,2
289,Color mismatch,163,Medium,Frequent,1,1864.81,Debit Card,Yes,Legitimate,Color mismatch,14,2,0,2
290,Missing parts,127,Medium,Frequent,1,1639.74,Net Banking,No,Legitimate,Missing parts,13,2,0,2
291,Size does not fit,143,Medium,Returning,6,1580.26,Credit Card,No,Fraud,Size does not fit,17,4,0,2
292,Package was empty,225,High,VIP,8,83.16,UPI,Yes,Legitimate,Package was empty,17,3,0,3
293,Changed my mind,201,Low,New,9,1967.38,Net Banking,No,Fraud,Changed my mind,15,3,0,1
294,Wrong product received,25,Low,Frequent,3,1026.25,Cash on Delivery,Yes,Fraud,Wrong product received,22,3,0,1
295,Defective after one use,220,Medium,Returning,5,1995.43,Net Banking,Yes,Fraud,Defective after one use,23,4,0,2
296,Color mismatch,63,Low,Returning,5,630.66,Net Banking,Yes,Fraud,Color mismatch,14,2,0,1
297,Defective after one use,263,Low,VIP,7,644.63,UPI,Yes,Legitimate,Defective after one use,23,4,0,1
298,Item arrived damaged,195,High,New,10,1602.1,Debit Card,Yes,Legitimate,Item arrived damaged,20,3,0,3
299,Defective after one use,238,Medium,Returning,6,1263.22,Debit Card,No,Fraud,Defective after one use,23,4,0,2
300,Item arrived damaged,121,Medium,VIP,6,18.86,Debit Card,Yes,Fraud,Item arrived damaged,20,3,0,2
301,Wrong product received,72,High,Returning,5,658.71,Net Banking,Yes,Fraud,Wrong product received,22,3,0,3
302,Missing parts,290,High,Frequent,9,783.39,Net Banking,Yes,Fraud,Missing parts,13,2,0,3
303,Defective after one use,254,High,Returning,10,1414.92,UPI,Yes,Legitimate,Defective after one use,23,4,0,3
304,Defective after one use,80,Low,Frequent,1,374.26,Debit Card,No,Fraud,Defective after one use,23,4,0,1
305,Package was empty,90,High,VIP,6,379.65,Cash on Delivery,Yes,Legitimate,Package was empty,17,3,0,3
306,Missing parts,167,Low,Returning,5,1685.55,Cash on Delivery,Yes,Fraud,Missing parts,13,2,0,1
307,Item arrived damaged,268,Low,Returning,6,1928.02,Cash on Delivery,No,Fraud,Item arrived damaged,20,3,0,1
308,Missing parts,232,High,VIP,7,342.83,Cash on Delivery,Yes,Legitimate,Missing parts,13,2,0,3
309,Size does not fit,36,Medium,Returning,8,584.45,Net Banking,No,Legitimate,Size does not fit,17,4,0,2
310,Package was empty,78,Medium,Frequent,8,1647.0,Credit Card,No,Legitimate,Package was empty,17,3,0,2
311,Color mismatch,72,High,Returning,4,1750.87,Credit Card,No,Fraud,Color mismatch,14,2,0,3
312,Defective after one use,64,Medium,New,3,427.66,Cash on Delivery,No,Fraud,Defective after one use,23,4,0,2
313,Product not as described,91,Low,Returning,0,1144.45,Cash on Delivery,No,Legitimate,Product not as described,24,4,0,1
314,Defective after one use,169,Medium,Frequent,8,1971.12,Credit Card,Yes,Fraud,Defective after one use,23,4,0,2
315,Item arrived damaged,161,High,Returning,2,506.86,UPI,Yes,Fraud,Item arrived damaged,20,3,0,3
316,Missing parts,92,High,Frequent,10,834.31,Net Banking,Yes,Legitimate,Missing parts,13,2,0,3
317,Color mismatch,283,High,Frequent,5,914.84,Net Banking,No,Legitimate,Color mismatch,14,2,0,3
318,Wrong product received,254,High,Frequent,1,1593.4,Net Banking,Yes,Fraud,Wrong product received,22,3,0,3
319,Changed my mind,273,Medium,Frequent,4,682.13,Cash on Delivery,Yes,Fraud,Changed my mind,15,3,0,2
320,Defective after one use,44,Low,New,10,1569.94,Net Banking,Yes,Legitimate,Defective after one use,23,4,0,1
321,Product not as described,245,Medium,New,6,412.61,Debit Card,No,Legitimate,Product not as described,24,4,0,2
322,Size does not fit,67,High,Frequent,4,174.02,Debit Card,Yes,Fraud,Size does not fit,17,4,0,3
323,Size does not fit,139,Medium,New,1,12.16,Net Banking,Yes,Legitimate,Size does not fit,17,4,0,2
324,Package was empty,135,High,VIP,0,26.04,UPI,Yes,Fraud,Package was empty,17,3,0,3
325,Product not as described,264,Low,Returning,6,187.77,Credit Card,Yes,Fraud,Product not as described,24,4,0,1
326,Defective after one use,173,Low,VIP,2,1286.74,Debit Card,Yes,Legitimate,Defective after one use,23,4,0,1
327,Package was empty,104,Medium,Frequent,3,1259.88,Debit Card,No,Fraud,Package was empty,17,3,0,2
328,Changed my mind,64,Low,Returning,1,1183.25,Net Banking,No,Fraud,Changed my mind,15,3,0,1
329,Defective after one use,91,Low,Frequent,10,177.65,Cash on Delivery,No,Legitimate,Defective after one use,23,4,0,1
330,Size does not fit,125,High,Returning,6,598.13,Credit Card,Yes,Fraud,Size does not fit,17,4,0,3
331,Color mismatch,77,Low,VIP,10,1191.92,Cash on Delivery,Yes,Fraud,Color mismatch,14,2,0,1
332,Defective after one use,87,Medium,VIP,5,1097.25,Debit Card,No,Legitimate,Defective after one use,23,4,0,2
333,Item arrived damaged,54,Low,Frequent,3,89.26,Credit Card,No,Fraud,Item arrived damaged,20,3,0,1
334,Fake product received,232,Medium,VIP,1,1284.67,Cash on Delivery,Yes,Fraud,Fake product received,21,3,1,2
335,Wrong product received,178,Low,Returning,2,1077.42,Net Banking,Yes,Fraud,Wrong product received,22,3,0,1
336,Color mismatch,142,Low,Returning,1,1850.01,Credit Card,No,Legitimate,Color mismatch,14,2,0,1
337,Size does not fit,109,Low,New,2,1405.98,Debit Card,No,Fraud,Size does not fit,17,4,0,1
338,Fake product received,284,High,Frequent,2,750.02,UPI,Yes,Legitimate,Fake product received,21,3,1,3
339,Defective after one use,239,Medium,New,4,1427.52,Cash on Delivery,Yes,Fraud,Defective after one use,23,4,0,2
340,Missing parts,281,Medium,New,7,1720.13,Debit Card,No,Legitimate,Missing parts,13,2,0,2
341,Size does not fit,72,High,New,3,1484.15,Credit Card,Yes,Legitimate,Size does not fit,17,4,0,3
342,Changed my mind,43,Medium,Frequent,6,1841.25,Debit Card,Yes,Fraud,Changed my mind,15,3,0,2
343,Changed my mind,184,Low,VIP,5,549.8,Credit Card,No,Legitimate,Changed my mind,15,3,0,1
344,Fake product received,46,Low,Returning,8,1963.01,Net Banking,Yes,Fraud,Fake product received,21,3,1,1
345,Size does not fit,179,Medium,New,8,918.92,UPI,Yes,Fraud,Size does not fit,17,4,0,2
346,Package was empty,175,High,Returning,7,742.86,Net Banking,Yes,Legitimate,Package was empty,17,3,0,3
347,Product not as described,23,Medium,New,3,1087.67,Credit Card,No,Legitimate,Product not as described,24,4,0,2
348,Color mismatch,177,Low,Returning,8,1966.4,Net Banking,No,Legitimate,Color mismatch,14,2,0,1
349,Product not as described,163,Low,New,3,1795.6,Cash on Delivery,No,Fraud,Product not as described,24,4,0,1
350,Missing parts,63,High,New,8,275.69,Net Banking,Yes,Legitimate,Missing parts,13,2,0,3
351,Color mismatch,86,Low,Frequent,4,1703.32,Net Banking,No,Fraud,Color mismatch,14,2,0,1
352,Missing parts,159,Low,New,3,280.86,Cash on Delivery,Yes,Legitimate,Missing parts,13,2,0,1
353,Wrong product received,104,Medium,VIP,5,818.96,Cash on Delivery,No,Legitimate,Wrong product received,22,3,0,2
354,Missing parts,177,Medium,Frequent,1,189.94,UPI,Yes,Legitimate,Missing parts,13,2,0,2
355,Defective after one use,95,Low,Returning,5,798.53,Credit Card,No,Fraud,Defective after one use,23,4,0,1
356,Product not as described,35,Medium,VIP,8,1498.68,Debit Card,Yes,Fraud,Product not as described,24,4,0,2
357,Wrong product received,91,Low,New,0,1662.44,Debit Card,Yes,Legitimate,Wrong product received,22,3,0,1
358,Color mismatch,210,High,New,9,1176.38,Credit Card,Yes,Legitimate,Color mismatch,14,2,0,3
359,Changed my mind,247,Low,New,5,253.83,Net Banking,Yes,Legitimate,Changed my mind,15,3,0,1
360,Package was empty,241,High,VIP,7,68.67,Net Banking,Yes,Fraud,Package was empty,17,3,0,3
361,Changed my mind,115,Medium,Frequent,7,1768.01,Credit Card,Yes,Fraud,Changed my mind,15,3,0,2
362,Missing parts,230,High,VIP,0,184.57,Net Banking,Yes,Fraud,Missing parts,13,2,0,3
363,Changed my mind,289,Low,New,6,1566.01,UPI,No,Fraud,Changed my mind,15,3,0,1
364,Defective after one use,277,Medium,VIP,4,367.83,UPI,Yes,Legitimate,Defective after one use,23,4,0,2
365,Size does not fit,49,Medium,Frequent,9,1999.22,Debit Card,Yes,Legitimate,Size does not fit,17,4,0,2
366,Changed my mind,156,High,New,3,1155.63,Net Banking,No,Legitimate,Changed my mind,15,3,0,3
367,Product not as described,141,High,Frequent,5,1828.82,Credit Card,No,Legitimate,Product not as described,24,4,0,3
368,Package was empty,116,Medium,Frequent,2,985.97,Credit Card,Yes,Legitimate,Package was empty,17,3,0,2
369,Package was empty,132,Low,VIP,0,670.15,Cash on Delivery,Yes,Legitimate,Package was empty,17,3,0,1
370,Defective after one use,110,Medium,New,0,303.95,Debit Card,Yes,Fraud,Defective after one use,23,4,0,2
371,Wrong product received,211,High,VIP,9,211.05,UPI,No,Legitimate,Wrong product received,22,3,0,3
372,Product not as described,243,High,VIP,10,641.39,Cash on Delivery,No,Legitimate,Product not as described,24,4,0,3
373,Package was empty,109,Medium,Frequent,4,263.42,Credit Card,No,Legitimate,Package was empty,17,3,0,2
374,Product not as described,182,High,Returning,10,1135.44,Net Banking,Yes,Fraud,Product not as described,24,4,0,3
375,Wrong product received,141,Medium,Frequent,2,1276.01,Credit Card,No,Fraud,Wrong product received,22,3,0,2
376,Item arrived damaged,155,Low,Returning,1,707.46,Credit Card,Yes,Legitimate,Item arrived damaged,20,3,0,1
377,Color mismatch,244,High,VIP,2,1770.26,Net Banking,No,Fraud,Color mismatch,14,2,0,3
378,Fake product received,212,Low,VIP,9,1305.43,Debit Card,Yes,Fraud,Fake product received,21,3,1,1
379,Wrong product received,37,Medium,New,5,529.64,Credit Card,Yes,Fraud,Wrong product received,22,3,0,2
380,Product not as described,212,Low,New,8,1884.25,Credit Card,No,Fraud,Product not as described,24,4,0,1
381,Item arrived damaged,240,High,Returning,9,1780.61,Debit Card,Yes,Legitimate,Item arrived damaged,20,3,0,3
382,Defective after one use,125,Low,VIP,8,1446.86,Cash on Delivery,No,Fraud,Defective after one use,23,4,0,1
383,Size does not fit,141,Low,New,6,1147.82,Net Banking,Yes,Legitimate,Size does not fit,17,4,0,1
384,Defective after one use,21,Medium,New,4,1649.56,Cash on Delivery,No,Legitimate,Defective after one use,23,4,0,2
385,Wrong product received,33,Low,Returning,10,590.7,Credit Card,No,Legitimate,Wrong product received,22,3,0,1
386,Size does not fit,223,Medium,VIP,10,537.36,Cash on Delivery,No,Legitimate,Size does not fit,17,4,0,2
387,Defective after one use,215,Medium,Returning,7,98.79,Net Banking,No,Fraud,Defective after one use,23,4,0,2
388,Changed my mind,157,High,New,2,1506.95,Credit Card,Yes,Fraud,Changed my mind,15,3,0,3
389,Fake product received,231,High,Returning,8,131.36,Net Banking,No,Fraud,Fake product received,21,3,1,3
390,Package was empty,140,Medium,Frequent,1,795.66,Credit Card,Yes,Legitimate,Package was empty,17,3,0,2
391,Missing parts,108,Low,Returning,3,261.11,Net Banking,Yes,Fraud,Missing parts,13,2,0,1
392,Changed my mind,95,High,Frequent,5,1822.5,Credit Card,Yes,Fraud,Changed my mind,15,3,0,3
393,Fake product received,223,High,Frequent,4,1044.18,Credit Card,No,Legitimate,Fake product received,21,3,1,3
394,Color mismatch,96,Low,New,1,1129.74,Credit Card,No,Fraud,Color mismatch,14,2,0,1
395,Color mismatch,155,Medium,VIP,9,1221.83,Credit Card,Yes,Fraud,Color mismatch,14,2,0,2
396,Color mismatch,93,High,VIP,0,797.63,UPI,Yes,Legitimate,Color mismatch,14,2,0,3
397,Missing parts,157,Medium,New,5,1636.6,UPI,No,Fraud,Missing parts,13,2,0,2
398,Missing parts,70,Low,Returning,4,1948.7,Net Banking,No,Fraud,Missing parts,13,2,0,1
399,Color mismatch,65,Low,VIP,3,1827.73,Net Banking,No,Fraud,Color mismatch,14,2,0,1
400,Item arrived damaged,283,Low,New,4,1422.04,Net Banking,Yes,Legitimate,Item arrived damaged,20,3,0,1
401,Product not as described,118,Low,New,3,75.81,Credit Card,No,Legitimate,Product not as described,24,4,0,1
402,Size does not fit,208,Medium,VIP,10,1846.92,Credit Card,Yes,Fraud,Size does not fit,17,4,0,2
403,Missing parts,248,Low,VIP,9,1107.15,UPI,Yes,Fraud,Missing parts,13,2,0,1
404,Wrong product received,165,Low,VIP,0,334.19,Cash on Delivery,Yes,Legitimate,Wrong product received,22,3,0,1
405,Changed my mind,125,Medium,VIP,8,49.9,Credit Card,No,Legitimate,Changed my mind,15,3,0,2
406,Product not as described,24,Low,Frequent,9,1612.12,UPI,No,Fraud,Product not as described,24,4,0,1
407,Color mismatch,198,Medium,Frequent,3,938.73,Cash on Delivery,No,Legitimate,Color mismatch,14,2,0,2
408,Item arrived damaged,281,High,Frequent,8,1298.21,Cash on Delivery,No,Fraud,Item arrived damaged,20,3,0,3
409,Wrong product received,266,Low,Frequent,4,1284.78,UPI,No,Fraud,Wrong product received,22,3,0,1
410,Changed my mind,96,High,Returning,0,1612.81,Cash on Delivery,No,Fraud,Changed my mind,15,3,0,3
411,Product not as described,33,High,VIP,4,526.26,Net Banking,No,Fraud,Product not as described,24,4,0,3
412,Item arrived damaged,117,Medium,Returning,10,1073.92,Net Banking,No,Fraud,Item arrived damaged,20,3,0,2
413,Product not as described,112,Medium,New,7,264.61,UPI,Yes,Fraud,Product not as described,24,4,0,2
414,Wrong product received,133,Medium,Returning,4,846.74,UPI,No,Fraud,Wrong product received,22,3,0,2
415,Package was empty,170,Medium,New,7,116.82,Cash on Delivery,Yes,Fraud,Package was empty,17,3,0,2
416,Changed my mind,276,Low,VIP,8,603.73,Credit Card,Yes,Legitimate,Changed my mind,15,3,0,1
417,Changed my mind,195,Medium,VIP,2,639.6,Debit Card,Yes,Fraud,Changed my mind,15,3,0,2
418,Defective after one use,110,Medium,New,0,909.59,Debit Card,Yes,Legitimate,Defective after one use,23,4,0,2
419,Missing parts,65,Low,VIP,10,864.53,Net Banking,No,Fraud,Missing parts,13,2,0,1
420,Item arrived damaged,39,High,Returning,5,1900.64,UPI,Yes,Legitimate,Item arrived damaged,20,3,0,3
421,Item arrived damaged,147,Low,Frequent,4,266.57,Net Banking,No,Legitimate,Item arrived damaged,20,3,0,1
422,Wrong product received,43,Medium,Frequent,7,1458.39,Cash on Delivery,No,Fraud,Wrong product received,22,3,0,2
423,Product not as described,195,Medium,Frequent,3,338.12,Net Banking,Yes,Legitimate,Product not as described,24,4,0,2
424,Changed my mind,87,Low,New,9,1014.22,Credit Card,No,Legitimate,Changed my mind,15,3,0,1
425,Color mismatch,150,High,New,9,1989.41,Credit Card,Yes,Legitimate,Color mismatch,14,2,0,3
426,Wrong product received,233,Medium,VIP,1,1099.09,Net Banking,Yes,Legitimate,Wrong product received,22,3,0,2
427,Item arrived damaged,174,Medium,New,10,1045.42,Cash on Delivery,Yes,Fraud,Item arrived damaged,20,3,0,2
428,Wrong product received,281,High,New,4,236.88,Credit Card,No,Legitimate,Wrong product received,22,3,0,3
429,Package was empty,122,Medium,Returning,5,1409.84,UPI,Yes,Legitimate,Package was empty,17,3,0,2
430,Fake product received,274,Low,VIP,5,476.67,Credit Card,Yes,Legitimate,Fake product received,21,3,1,1
431,Package was empty,272,Low,New,8,159.35,Credit Card,No,Legitimate,Package was empty,17,3,0,1
432,Missing parts,171,Medium,VIP,0,208.62,Debit Card,Yes,Fraud,Missing parts,13,2,0,2
433,Defective after one use,180,Medium,New,1,1703.98,Credit Card,Yes,Legitimate,Defective after one use,23,4,0,2
434,Product not as described,188,Medium,VIP,9,543.94,Credit Card,No,Fraud,Product not as described,24,4,0,2
435,Product not as described,78,Medium,VIP,7,550.95,Net Banking,No,Fraud,Product not as described,24,4,0,2
436,Product not as described,77,Low,New,2,216.39,Cash on Delivery,No,Fraud,Product not as described,24,4,0,1
437,Product not as described,214,Medium,New,10,1761.1,Debit Card,No,Fraud,Product not as described,24,4,0,2
438,Wrong product received,230,Medium,New,1,530.61,UPI,Yes,Legitimate,Wrong product received,22,3,0,2
439,Defective after one use,285,High,New,6,1326.81,Debit Card,No,Fraud,Defective after one use,23,4,0,3
440,Color mismatch,96,High,New,0,1290.36,Debit Card,No,Fraud,Color mismatch,14,2,0,3
441,Product not as described,58,Medium,Frequent,3,668.48,UPI,Yes,Legitimate,Product not as described,24,4,0,2
442,Fake product received,213,Medium,Returning,1,923.6,Cash on Delivery,No,Legitimate,Fake product received,21,3,1,2
443,Missing parts,248,Medium,New,7,1493.03,Credit Card,Yes,Fraud,Missing parts,13,2,0,2
444,Color mismatch,38,High,New,1,1585.65,Cash on Delivery,No,Legitimate,Color mismatch,14,2,0,3
445,Missing parts,194,Medium,New,3,1690.19,UPI,No,Fraud,Missing parts,13,2,0,2
446,Missing parts,78,Low,Returning,0,689.3,UPI,No,Legitimate,Missing parts,13,2,0,1
447,Item arrived damaged,104,Medium,Returning,6,222.85,Cash on Delivery,Yes,Legitimate,Item arrived damaged,20,3,0,2
448,Wrong product received,221,Low,VIP,3,1436.41,Credit Card,No,Legitimate,Wrong product received,22,3,0,1
449,Package was empty,83,Medium,VIP,10,1182.74,Cash on Delivery,Yes,Fraud,Package was empty,17,3,0,2
450,Item arrived damaged,291,High,New,8,1871.26,Cash on Delivery,No,Legitimate,Item arrived damaged,20,3,0,3
451,Package was empty,108,High,Returning,1,780.94,Cash on Delivery,No,Fraud,Package was empty,17,3,0,3
452,Color mismatch,147,Medium,VIP,5,1941.28,Net Banking,Yes,Legitimate,Color mismatch,14,2,0,2
453,Color mismatch,282,Medium,Frequent,8,1268.84,Debit Card,Yes,Fraud,Color mismatch,14,2,0,2
454,Defective after one use,87,High,Returning,8,1089.56,UPI,Yes,Fraud,Defective after one use,23,4,0,3
455,Fake product received,265,High,VIP,10,1498.26,Cash on Delivery,No,Fraud,Fake product received,21,3,1,3
456,Item arrived damaged,287,Low,New,6,299.2,Credit Card,Yes,Fraud,Item arrived damaged,20,3,0,1
457,Product not as described,166,High,Frequent,2,1680.37,UPI,Yes,Legitimate,Product not as described,24,4,0,3
458,Defective after one use,251,Low,Returning,10,1126.93,Debit Card,No,Legitimate,Defective after one use,23,4,0,1
459,Color mismatch,218,Medium,Frequent,8,117.07,UPI,Yes,Fraud,Color mismatch,14,2,0,2
460,Changed my mind,208,High,Returning,3,595.41,Debit Card,Yes,Legitimate,Changed my mind,15,3,0,3
461,Product not as described,283,Low,VIP,0,862.73,Cash on Delivery,No,Legitimate,Product not as described,24,4,0,1
462,Product not as described,150,Low,Frequent,7,1422.28,Debit Card,Yes,Legitimate,Product not as described,24,4,0,1
463,Defective after one use,46,High,Frequent,7,1581.92,Cash on Delivery,No,Legitimate,Defective after one use,23,4,0,3
464,Defective after one use,289,Low,Returning,8,145.67,Cash on Delivery,Yes,Fraud,Defective after one use,23,4,0,1
465,Fake product received,294,Medium,New,5,450.18,Debit Card,No,Fraud,Fake product received,21,3,1,2
466,Defective after one use,170,Low,VIP,8,1649.14,Credit Card,Yes,Fraud,Defective after one use,23,4,0,1
467,Missing parts,143,High,Returning,0,1368.28,UPI,No,Legitimate,Missing parts,13,2,0,3
468,Color mismatch,151,High,Frequent,0,1823.56,UPI,No,Fraud,Color mismatch,14,2,0,3
469,Item arrived damaged,171,High,Returning,5,1032.65,Credit Card,Yes,Legitimate,Item arrived damaged,20,3,0,3
470,Wrong product received,127,High,Returning,10,854.18,Credit Card,Yes,Fraud,Wrong product received,22,3,0,3
471,Wrong product received,98,Low,VIP,5,85.39,Credit Card,Yes,Legitimate,Wrong product received,22,3,0,1
472,Size does not fit,56,High,Returning,4,821.19,Net Banking,No,Fraud,Size does not fit,17,4,0,3
473,Defective after one use,28,Medium,New,8,21.74,Cash on Delivery,Yes,Legitimate,Defective after one use,23,4,0,2
474,Wrong product received,203,High,New,4,1575.91,UPI,Yes,Fraud,Wrong product received,22,3,0,3
475,Missing parts,215,Medium,New,7,321.08,Debit Card,Yes,Fraud,Missing parts,13,2,0,2
476,Fake product received,171,High,Returning,4,1357.81,UPI,Yes,Legitimate,Fake product received,21,3,1,3
477,Wrong product received,41,Low,VIP,8,1099.58,Credit Card,No,Legitimate,Wrong product received,22,3,0,1
478,Defective after one use,128,Medium,Returning,2,376.15,Cash on Delivery,No,Legitimate,Defective after one use,23,4,0,2
479,Wrong product received,112,High,New,8,927.92,Cash on Delivery,Yes,Fraud,Wrong product received,22,3,0,3
480,Wrong product received,148,Low,Returning,9,979.51,UPI,No,Legitimate,Wrong product received,22,3,0,1
481,Changed my mind,71,Medium,New,3,642.39,Net Banking,No,Fraud,Changed my mind,15,3,0,2
482,Package was empty,98,High,Frequent,5,1917.73,Debit Card,Yes,Fraud,Package was empty,17,3,0,3
483,Changed my mind,133,High,VIP,4,1681.82,Debit Card,No,Fraud,Changed my mind,15,3,0,3
484,Missing parts,248,Medium,Frequent,7,1107.83,Debit Card,Yes,Fraud,Missing parts,13,2,0,2
485,Product not as described,295,Low,Frequent,10,162.16,Credit Card,Yes,Legitimate,Product not as described,24,4,0,1
486,Package was empty,227,High,Returning,0,1107.67,Cash on Delivery,No,Legitimate,Package was empty,17,3,0,3
487,Defective after one use,220,Low,Frequent,2,934.76,Cash on Delivery,Yes,Fraud,Defective after one use,23,4,0,1
488,Defective after one use,277,Low,Returning,9,1371.48,Cash on Delivery,Yes,Fraud,Defective after one use,23,4,0,1
489,Product not as described,111,High,Returning,7,1878.96,Credit Card,Yes,Fraud,Product not as described,24,4,0,3
490,Changed my mind,52,Medium,Frequent,3,95.19,Debit Card,No,Fraud,Changed my mind,15,3,0,2
491,Missing parts,252,Low,New,10,654.9,Cash on Delivery,No,Fraud,Missing parts,13,2,0,1
492,Package was empty,298,High,Returning,6,1310.81,UPI,Yes,Fraud,Package was empty,17,3,0,3
493,Color mismatch,134,High,VIP,5,1636.3,UPI,No,Fraud,Color mismatch,14,2,0,3
494,Package was empty,23,High,Returning,7,339.56,Credit Card,No,Legitimate,Package was empty,17,3,0,3
495,Product not as described,115,Low,Frequent,9,1437.43,Credit Card,Yes,Fraud,Product not as described,24,4,0,1
496,Defective after one use,78,Medium,VIP,7,429.3,Debit Card,No,Legitimate,Defective after one use,23,4,0,2
497,Changed my mind,42,Low,Returning,2,1262.79,Credit Card,Yes,Legitimate,Changed my mind,15,3,0,1
498,Product not as described,152,Low,VIP,9,1938.79,Credit Card,No,Legitimate,Product not as described,24,4,0,1
499,Changed my mind,249,High,VIP,7,349.43,Net Banking,Yes,Legitimate,Changed my mind,15,3,0,3
500,Package was empty,281,Medium,Returning,10,691.92,Net Banking,Yes,Legitimate,Package was empty,17,3,0,2
501,Color mismatch,217,Low,New,0,412.67,Cash on Delivery,No,Legitimate,Color mismatch,14,2,0,1
502,Package was empty,69,Low,VIP,9,1203.63,Cash on Delivery,Yes,Legitimate,Package was empty,17,3,0,1
503,Missing parts,86,High,New,10,1301.97,Cash on Delivery,No,Fraud,Missing parts,13,2,0,3
504,Item arrived damaged,291,Medium,Returning,7,1581.22,Net Banking,No,Legitimate,Item arrived damaged,20,3,0,2
505,Color mismatch,88,Medium,VIP,3,1821.07,Credit Card,No,Fraud,Color mismatch,14,2,0,2
506,Size does not fit,116,Low,New,9,1049.86,Cash on Delivery,Yes,Fraud,Size does not fit,17,4,0,1
507,Changed my mind,181,Medium,Frequent,1,318.01,Cash on Delivery,No,Fraud,Changed my mind,15,3,0,2
508,Fake product received,236,High,Frequent,9,558.37,Net Banking,Yes,Fraud,Fake product received,21,3,1,3
509,Fake product received,267,Low,Frequent,8,1114.27,UPI,No,Fraud,Fake product received,21,3,1,1
510,Color mismatch,90,High,New,3,898.72,Debit Card,Yes,Legitimate,Color mismatch,14,2,0,3
511,Fake product received,225,Medium,New,2,784.32,Credit Card,Yes,Legitimate,Fake product received,21,3,1,2
512,Missing parts,242,Low,New,4,451.32,Credit Card,Yes,Fraud,Missing parts,13,2,0,1
513,Color mismatch,286,Medium,New,2,1284.18,Net Banking,Yes,Legitimate,Color mismatch,14,2,0,2
514,Fake product received,166,Low,New,9,1025.99,Debit Card,Yes,Legitimate,Fake product received,21,3,1,1
515,Defective after one use,142,High,New,2,182.82,UPI,No,Fraud,Defective after one use,23,4,0,3
516,Color mismatch,227,High,Returning,8,40.58,Credit Card,Yes,Fraud,Color mismatch,14,2,0,3
517,Fake product received,198,Medium,Frequent,3,1216.66,Debit Card,No,Fraud,Fake product received,21,3,1,2
518,Package was empty,22,Medium,Returning,6,1017.41,Cash on Delivery,Yes,Fraud,Package was empty,17,3,0,2
519,Defective after one use,79,High,Frequent,8,1628.16,Cash on Delivery,No,Fraud,Defective after one use,23,4,0,3
520,Color mismatch,267,Low,Frequent,7,1366.37,Cash on Delivery,Yes,Fraud,Color mismatch,14,2,0,1
521,Wrong product received,152,Low,VIP,10,1579.43,Debit Card,Yes,Fraud,Wrong product received,22,3,0,1
522,Color mismatch,200,High,New,4,504.03,Credit Card,No,Fraud,Color mismatch,14,2,0,3
523,Wrong product received,111,Medium,Frequent,5,444.95,Cash on Delivery,No,Legitimate,Wrong product received,22,3,0,2
524,Changed my mind,275,High,Returning,3,1473.5,UPI,Yes,Legitimate,Changed my mind,15,3,0,3
525,Changed my mind,147,High,Frequent,2,1560.09,Credit Card,Yes,Fraud,Changed my mind,15,3,0,3
526,Package was empty,23,High,New,7,748.68,UPI,No,Fraud,Package was empty,17,3,0,3
527,Missing parts,113,High,Frequent,6,451.96,Cash on Delivery,Yes,Legitimate,Missing parts,13,2,0,3
528,Fake product received,236,Medium,New,8,701.11,Debit Card,No,Legitimate,Fake product received,21,3,1,2
529,Fake product received,255,Medium,New,0,1351.47,Net Banking,Yes,Fraud,Fake product received,21,3,1,2
530,Defective after one use,152,Low,Frequent,3,546.12,Cash on Delivery,No,Fraud,Defective after one use,23,4,0,1
531,Product not as described,275,Medium,Returning,6,1404.42,UPI,No,Fraud,Product not as described,24,4,0,2
532,Size does not fit,250,Low,Returning,9,1375.16,Credit Card,No,Legitimate,Size does not fit,17,4,0,1
533,Fake product received,241,Medium,Returning,2,1602.07,Debit Card,No,Legitimate,Fake product received,21,3,1,2
534,Product not as described,235,Medium,Returning,10,1038.84,UPI,No,Fraud,Product not as described,24,4,0,2
535,Size does not fit,44,Medium,New,2,129.47,UPI,No,Legitimate,Size does not fit,17,4,0,2
536,Missing parts,191,Medium,Frequent,5,1125.1,UPI,No,Legitimate,Missing parts,13,2,0,2
537,Color mismatch,82,Medium,Returning,9,1156.03,Cash on Delivery,Yes,Fraud,Color mismatch,14,2,0,2
538,Defective after one use,186,High,VIP,7,1780.37,Net Banking,No,Fraud,Defective after one use,23,4,0,3
539,Product not as described,105,High,Frequent,6,1266.23,Cash on Delivery,No,Legitimate,Product not as described,24,4,0,3
540,Wrong product received,102,Medium,Returning,5,640.59,UPI,No,Fraud,Wrong product received,22,3,0,2
541,Size does not fit,247,Medium,VIP,6,342.96,Credit Card,Yes,Legitimate,Size does not fit,17,4,0,2
542,Size does not fit,60,Low,Returning,6,214.99,Credit Card,No,Legitimate,Size does not fit,17,4,0,1
543,Item arrived damaged,223,High,New,1,532.28,Debit Card,Yes,Fraud,Item arrived damaged,20,3,0,3
544,Size does not fit,137,Low,Frequent,7,1256.7,Debit Card,Yes,Legitimate,Size does not fit,17,4,0,1
545,Item arrived damaged,202,Medium,VIP,7,1950.21,Cash on Delivery,No,Fraud,Item arrived damaged,20,3,0,2
546,Product not as described,296,Low,VIP,10,1500.33,Cash on Delivery,No,Fraud,Product not as described,24,4,0,1
547,Defective after one use,266,High,Returning,1,889.3,UPI,No,Fraud,Defective after one use,23,4,0,3
548,Product not as described,175,Low,New,8,1632.61,Debit Card,No,Fraud,Product not as described,24,4,0,1
549,Missing parts,293,Low,VIP,7,606.22,Net Banking,No,Legitimate,Missing parts,13,2,0,1
550,Item arrived damaged,300,Medium,Returning,6,1765.5,Net Banking,No,Legitimate,Item arrived damaged,20,3,0,2
551,Product not as described,219,Medium,Returning,4,167.63,Debit Card,No,Fraud,Product not as described,24,4,0,2
552,Fake product received,157,Medium,Returning,1,372.99,UPI,Yes,Fraud,Fake product received,21,3,1,2
553,Package was empty,251,Medium,VIP,3,648.08,Debit Card,Yes,Legitimate,Package was empty,17,3,0,2
554,Product not as described,72,Medium,Frequent,2,1433.24,Credit Card,Yes,Legitimate,Product not as described,24,4,0,2
555,Product not as described,27,Medium,Returning,5,846.28,Net Banking,No,Fraud,Product not as described,24,4,0,2
556,Item arrived damaged,189,Low,Returning,0,540.34,Net Banking,Yes,Fraud,Item arrived damaged,20,3,0,1
557,Product not as described,118,Medium,VIP,0,252.7,Debit Card,No,Fraud,Product not as described,24,4,0,2
558,Changed my mind,37,Low,VIP,1,1047.07,Debit Card,No,Fraud,Changed my mind,15,3,0,1
559,Size does not fit,185,Low,New,8,1046.64,UPI,No,Fraud,Size does not fit,17,4,0,1
560,Changed my mind,204,Low,Returning,1,479.57,Net Banking,No,Legitimate,Changed my mind,15,3,0,1
561,Product not as described,161,High,New,6,1580.4,Credit Card,Yes,Fraud,Product not as described,24,4,0,3
562,Package was empty,99,Medium,New,3,323.82,Credit Card,No,Legitimate,Package was empty,17,3,0,2
563,Item arrived damaged,202,High,Returning,8,1585.02,Debit Card,No,Legitimate,Item arrived damaged,20,3,0,3
564,Defective after one use,197,Medium,Returning,0,1381.61,UPI,Yes,Fraud,Defective after one use,23,4,0,2
565,Item arrived damaged,268,High,VIP,8,596.48,Net Banking,Yes,Legitimate,Item arrived damaged,20,3,0,3
566,Fake product received,198,Medium,VIP,4,1736.65,Cash on Delivery,Yes,Legitimate,Fake product received,21,3,1,2
567,Fake product received,99,Medium,Frequent,4,1087.8,Net Banking,Yes,Fraud,Fake product received,21,3,1,2
568,Product not as described,29,High,Frequent,9,485.19,Credit Card,No,Legitimate,Product not as described,24,4,0,3
569,Fake product received,274,High,Returning,9,573.43,Net Banking,No,Legitimate,Fake product received,21,3,1,3
570,Wrong product received,287,High,New,0,1672.03,Debit Card,Yes,Legitimate,Wrong product received,22,3,0,3
571,Changed my mind,74,Medium,Returning,1,73.32,Net Banking,No,Fraud,Changed my mind,15,3,0,2
572,Item arrived damaged,207,Low,New,0,1861.12,Debit Card,No,Legitimate,Item arrived damaged,20,3,0,1
573,Missing parts,51,Medium,VIP,5,1590.56,Credit Card,No,Legitimate,Missing parts,13,2,0,2
574,Wrong product received,175,Low,Returning,8,203.27,Debit Card,No,Legitimate,Wrong product received,22,3,0,1
575,Changed my mind,289,High,Returning,9,1254.4,Debit Card,No,Legitimate,Changed my mind,15,3,0,3
576,Package was empty,203,High,VIP,10,859.88,Credit Card,Yes,Legitimate,Package was empty,17,3,0,3
577,Fake product received,225,High,Frequent,10,324.77,Cash on Delivery,No,Fraud,Fake product received,21,3,1,3
578,Defective after one use,186,Medium,VIP,10,866.87,UPI,Yes,Legitimate,Defective after one use,23,4,0,2
579,Color mismatch,150,Medium,VIP,7,1920.05,Credit Card,Yes,Fraud,Color mismatch,14,2,0,2
580,Package was empty,28,High,Returning,4,23.07,Debit Card,Yes,Fraud,Package was empty,17,3,0,3
581,Item arrived damaged,161,High,Returning,1,85.1,UPI,Yes,Legitimate,Item arrived damaged,20,3,0,3
582,Size does not fit,207,High,Returning,3,519.93,UPI,Yes,Fraud,Size does not fit,17,4,0,3
583,Package was empty,131,High,New,5,1587.88,Debit Card,No,Legitimate,Package was empty,17,3,0,3
584,Package was empty,173,Low,VIP,1,1562.44,UPI,No,Fraud,Package was empty,17,3,0,1
585,Color mismatch,81,Low,New,10,1557.06,Net Banking,Yes,Fraud,Color mismatch,14,2,0,1
586,Fake product received,41,Medium,Returning,5,1009.78,Debit Card,Yes,Legitimate,Fake product received,21,3,1,2
587,Color mismatch,248,High,New,3,869.55,Net Banking,Yes,Legitimate,Color mismatch,14,2,0,3
588,Defective after one use,62,Medium,New,8,804.39,Credit Card,No,Fraud,Defective after one use,23,4,0,2
589,Product not as described,89,Medium,Returning,7,796.68,Cash on Delivery,Yes,Legitimate,Product not as described,24,4,0,2
590,Changed my mind,56,Medium,VIP,5,1372.63,Cash on Delivery,Yes,Legitimate,Changed my mind,15,3,0,2
591,Color mismatch,236,Medium,Frequent,3,648.27,Cash on Delivery,Yes,Fraud,Color mismatch,14,2,0,2
592,Product not as described,199,High,VIP,9,300.18,Credit Card,Yes,Legitimate,Product not as described,24,4,0,3
593,Defective after one use,99,High,New,1,1481.77,Debit Card,Yes,Fraud,Defective after one use,23,4,0,3
594,Item arrived damaged,195,High,New,4,905.62,Credit Card,No,Legitimate,Item arrived damaged,20,3,0,3
595,Fake product received,128,Low,Frequent,8,971.22,Debit Card,Yes,Fraud,Fake product received,21,3,1,1
596,Package was empty,289,Low,Frequent,2,129.62,Debit Card,No,Legitimate,Package was empty,17,3,0,1
597,Missing parts,24,Low,VIP,10,549.91,UPI,Yes,Legitimate,Missing parts,13,2,0,1
598,Size does not fit,217,Low,VIP,8,1953.46,Credit Card,No,Fraud,Size does not fit,17,4,0,1
599,Package was empty,292,Low,Returning,3,1006.3,Net Banking,Yes,Legitimate,Package was empty,17,3,0,1
600,Changed my mind,291,Medium,Frequent,7,792.87,Debit Card,Yes,Fraud,Changed my mind,15,3,0,2
601,Defective after one use,201,High,Frequent,3,1992.03,Cash on Delivery,No,Legitimate,Defective after one use,23,4,0,3
602,Size does not fit,218,Low,Frequent,3,311.9,Net Banking,Yes,Legitimate,Size does not fit,17,4,0,1
603,Color mismatch,286,High,Returning,6,488.32,Debit Card,No,Fraud,Color mismatch,14,2,0,3
604,Package was empty,188,Medium,Returning,3,1308.42,Cash on Delivery,Yes,Legitimate,Package was empty,17,3,0,2
605,Size does not fit,288,Low,VIP,2,1315.9,Cash on Delivery,Yes,Fraud,Size does not fit,17,4,0,1
606,Wrong product received,292,High,New,2,642.02,Debit Card,Yes,Fraud,Wrong product received,22,3,0,3
607,Color mismatch,230,Medium,VIP,10,1867.17,UPI,Yes,Legitimate,Color mismatch,14,2,0,2
608,Wrong product received,87,Low,New,9,1237.72,Cash on Delivery,Yes,Legitimate,Wrong product received,22,3,0,1
609,Changed my mind,33,Medium,New,7,276.83,Cash on Delivery,No,Fraud,Changed my mind,15,3,0,2
610,Product not as described,218,Medium,VIP,2,335.93,Debit Card,Yes,Fraud,Product not as described,24,4,0,2
611,Item arrived damaged,158,Medium,Returning,10,1976.6,Debit Card,Yes,Legitimate,Item arrived damaged,20,3,0,2
612,Missing parts,270,High,Frequent,7,1776.3,Net Banking,No,Legitimate,Missing parts,13,2,0,3
613,Package was empty,214,High,Frequent,6,1226.89,Cash on Delivery,Yes,Legitimate,Package was empty,17,3,0,3
614,Missing parts,253,Low,Returning,8,1080.36,Credit Card,No,Legitimate,Missing parts,13,2,0,1
615,Changed my mind,169,Medium,VIP,4,1549.62,UPI,No,Legitimate,Changed my mind,15,3,0,2
616,Color mismatch,170,High,New,8,1808.31,Net Banking,No,Legitimate,Color mismatch,14,2,0,3
617,Fake product received,77,Low,Returning,6,832.98,Net Banking,Yes,Legitimate,Fake product received,21,3,1,1
618,Missing parts,123,Medium,New,4,654.91,Debit Card,Yes,Legitimate,Missing parts,13,2,0,2
619,Wrong product received,250,High,Frequent,1,1052.4,Net Banking,Yes,Fraud,Wrong product received,22,3,0,3
620,Fake product received,214,Low,Returning,5,1135.33,Debit Card,Yes,Legitimate,Fake product received,21,3,1,1
621,Product not as described,46,Medium,Frequent,4,1463.02,Net Banking,No,Legitimate,Product not as described,24,4,0,2
622,Wrong product received,87,Low,New,9,1533.14,Credit Card,No,Fraud,Wrong product received,22,3,0,1
623,Missing parts,298,Low,VIP,3,441.58,Net Banking,No,Fraud,Missing parts,13,2,0,1
624,Missing parts,60,High,New,3,1765.51,UPI,Yes,Legitimate,Missing parts,13,2,0,3
625,Product not as described,95,Low,Frequent,0,299.3,Credit Card,No,Fraud,Product not as described,24,4,0,1
626,Wrong product received,45,Low,VIP,2,331.06,UPI,Yes,Fraud,Wrong product received,22,3,0,1
627,Package was empty,204,Low,New,4,652.42,Net Banking,Yes,Fraud,Package was empty,17,3,0,1
628,Fake product received,53,Medium,VIP,2,252.83,UPI,No,Fraud,Fake product received,21,3,1,2
629,Fake product received,127,High,Returning,9,125.79,Cash on Delivery,Yes,Fraud,Fake product received,21,3,1,3
630,Package was empty,167,Medium,Frequent,4,1055.53,Cash on Delivery,No,Legitimate,Package was empty,17,3,0,2
631,Package was empty,274,High,VIP,7,1617.88,Cash on Delivery,Yes,Fraud,Package was empty,17,3,0,3
632,Changed my mind,20,Low,New,7,1254.67,Credit Card,Yes,Fraud,Changed my mind,15,3,0,1
633,Color mismatch,43,Medium,Frequent,8,1614.03,Debit Card,Yes,Legitimate,Color mismatch,14,2,0,2
634,Size does not fit,150,Low,Frequent,4,1018.31,UPI,Yes,Legitimate,Size does not fit,17,4,0,1
635,Defective after one use,194,Medium,New,2,396.09,UPI,No,Fraud,Defective after one use,23,4,0,2
636,Item arrived damaged,89,Medium,Returning,10,926.63,Cash on Delivery,No,Fraud,Item arrived damaged,20,3,0,2
637,Color mismatch,48,High,Frequent,9,1452.68,UPI,Yes,Legitimate,Color mismatch,14,2,0,3
638,Package was empty,189,Medium,New,2,568.12,Credit Card,No,Fraud,Package was empty,17,3,0,2
639,Fake product received,104,High,VIP,2,1194.43,UPI,No,Legitimate,Fake product received,21,3,1,3
640,Size does not fit,231,Low,VIP,3,749.45,UPI,Yes,Fraud,Size does not fit,17,4,0,1
641,Product not as described,77,Medium,New,3,1827.57,Net Banking,Yes,Fraud,Product not as described,24,4,0,2
642,Fake product received,98,Low,Frequent,7,1467.56,Cash on Delivery,No,Fraud,Fake product received,21,3,1,1
643,Product not as described,70,High,Returning,3,1451.9,Net Banking,No,Legitimate,Product not as described,24,4,0,3
644,Item arrived damaged,179,Low,New,5,939.08,Credit Card,Yes,Fraud,Item arrived damaged,20,3,0,1
645,Item arrived damaged,179,High,Returning,5,409.11,UPI,No,Fraud,Item arrived damaged,20,3,0,3
646,Missing parts,80,Medium,Returning,2,554.54,Credit Card,Yes,Legitimate,Missing parts,13,2,0,2
647,Fake product received,199,High,Frequent,4,291.7,UPI,Yes,Legitimate,Fake product received,21,3,1,3
648,Wrong product received,179,High,Frequent,8,892.86,Debit Card,Yes,Fraud,Wrong product received,22,3,0,3
649,Item arrived damaged,74,Medium,New,1,858.67,Debit Card,No,Fraud,Item arrived damaged,20,3,0,2
650,Size does not fit,190,Low,New,7,1139.9,Credit Card,No,Legitimate,Size does not fit,17,4,0,1
651,Missing parts,178,High,VIP,7,471.07,Debit Card,Yes,Fraud,Missing parts,13,2,0,3
652,Defective after one use,220,Low,Frequent,5,912.03,Credit Card,Yes,Fraud,Defective after one use,23,4,0,1
653,Wrong product received,199,Medium,VIP,2,571.69,UPI,Yes,Legitimate,Wrong product received,22,3,0,2
654,Color mismatch,74,Medium,New,4,1070.16,Net Banking,No,Legitimate,Color mismatch,14,2,0,2
655,Package was empty,144,High,Returning,7,773.79,UPI,Yes,Fraud,Package was empty,17,3,0,3
656,Color mismatch,195,High,Returning,2,1328.6,Credit Card,No,Legitimate,Color mismatch,14,2,0,3
657,Package was empty,257,Medium,New,7,360.59,Net Banking,Yes,Legitimate,Package was empty,17,3,0,2
658,Package was empty,214,Medium,VIP,10,1323.73,Credit Card,Yes,Legitimate,Package was empty,17,3,0,2
659,Package was empty,20,Low,Returning,7,1067.2,Net Banking,No,Legitimate,Package was empty,17,3,0,1
660,Changed my mind,182,Medium,Frequent,6,1438.4,UPI,Yes,Legitimate,Changed my mind,15,3,0,2
661,Package was empty,281,Medium,Returning,4,134.2,Cash on Delivery,Yes,Legitimate,Package was empty,17,3,0,2
662,Fake product received,203,Low,Frequent,0,478.13,Cash on Delivery,No,Fraud,Fake product received,21,3,1,1
663,Color mismatch,227,Medium,VIP,8,430.32,Debit Card,No,Legitimate,Color mismatch,14,2,0,2
664,Changed my mind,216,Medium,VIP,2,584.06,Debit Card,Yes,Legitimate,Changed my mind,15,3,0,2
665,Wrong product received,28,Low,VIP,10,879.1,Debit Card,Yes,Legitimate,Wrong product received,22,3,0,1
666,Color mismatch,253,High,VIP,9,367.8,Cash on Delivery,No,Fraud,Color mismatch,14,2,0,3
667,Color mismatch,201,Low,Returning,6,1213.1,Cash on Delivery,No,Legitimate,Color mismatch,14,2,0,1
668,Fake product received,157,Medium,Frequent,0,1956.68,Cash on Delivery,No,Fraud,Fake product received,21,3,1,2
669,Wrong product received,266,High,New,2,1463.07,Cash on Delivery,No,Fraud,Wrong product received,22,3,0,3
670,Fake product received,60,High,New,3,950.18,Credit Card,No,Legitimate,Fake product received,21,3,1,3
671,Defective after one use,293,Low,VIP,7,1030.2,Net Banking,No,Fraud,Defective after one use,23,4,0,1
672,Defective after one use,170,Medium,Returning,0,1393.15,Cash on Delivery,No,Fraud,Defective after one use,23,4,0,2
673,Item arrived damaged,262,High,Returning,9,112.72,UPI,Yes,Fraud,Item arrived damaged,20,3,0,3
674,Missing parts,62,Low,New,4,511.58,Cash on Delivery,No,Fraud,Missing parts,13,2,0,1
675,Size does not fit,27,High,New,9,357.48,Cash on Delivery,Yes,Fraud,Size does not fit,17,4,0,3
676,Defective after one use,109,Medium,Returning,7,369.81,Cash on Delivery,Yes,Fraud,Defective after one use,23,4,0,2
677,Wrong product received,94,High,Returning,7,1507.99,Net Banking,No,Legitimate,Wrong product received,22,3,0,3
678,Missing parts,105,Low,Frequent,0,1288.1,Credit Card,Yes,Legitimate,Missing parts,13,2,0,1
679,Missing parts,224,Medium,Frequent,7,1494.84,Cash on Delivery,Yes,Fraud,Missing parts,13,2,0,2
680,Color mismatch,262,Medium,Returning,8,1741.85,Credit Card,No,Fraud,Color mismatch,14,2,0,2
681,Color mismatch,181,High,New,1,1836.25,UPI,No,Fraud,Color mismatch,14,2,0,3
682,Defective after one use,158,Medium,New,4,1312.14,Net Banking,No,Legitimate,Defective after one use,23,4,0,2
683,Package was empty,119,High,Frequent,10,1383.65,Debit Card,No,Legitimate,Package was empty,17,3,0,3
684,Item arrived damaged,54,Low,VIP,1,1055.28,Net Banking,No,Legitimate,Item arrived damaged,20,3,0,1
685,Size does not fit,148,Low,New,0,1242.6,Credit Card,Yes,Legitimate,Size does not fit,17,4,0,1
686,Wrong product received,64,High,Returning,6,1316.23,Cash on Delivery,Yes,Legitimate,Wrong product received,22,3,0,3
687,Product not as described,149,Medium,VIP,10,1873.0,Net Banking,No,Fraud,Product not as described,24,4,0,2
688,Defective after one use,151,Low,New,4,1556.44,Net Banking,No,Fraud,Defective after one use,23,4,0,1
689,Item arrived damaged,152,Medium,Returning,7,148.1,Debit Card,No,Legitimate,Item arrived damaged,20,3,0,2
690,Missing parts,75,Low,VIP,3,1231.79,Credit Card,No,Fraud,Missing parts,13,2,0,1
691,Wrong product received,37,Low,New,9,1457.81,Net Banking,Yes,Fraud,Wrong product received,22,3,0,1
692,Product not as described,20,Low,VIP,4,311.7,UPI,No,Legitimate,Product not as described,24,4,0,1
693,Fake product received,271,Medium,VIP,6,1689.66,Credit Card,Yes,Legitimate,Fake product received,21,3,1,2
694,Color mismatch,266,Low,Frequent,5,1366.85,Net Banking,Yes,Legitimate,Color mismatch,14,2,0,1
695,Defective after one use,293,Medium,New,7,1523.3,UPI,Yes,Legitimate,Defective after one use,23,4,0,2
696,Fake product received,40,Medium,Returning,4,1394.81,Credit Card,No,Fraud,Fake product received,21,3,1,2
697,Wrong product received,244,High,Returning,2,81.04,Credit Card,Yes,Fraud,Wrong product received,22,3,0,3
698,Color mismatch,52,High,Frequent,7,1072.54,Net Banking,Yes,Legitimate,Color mismatch,14,2,0,3
699,Defective after one use,48,Medium,New,6,245.19,Cash on Delivery,No,Legitimate,Defective after one use,23,4,0,2
700,Package was empty,139,Low,New,2,982.9,Credit Card,No,Legitimate,Package was empty,17,3,0,1
701,Changed my mind,86,Low,Returning,10,109.42,UPI,Yes,Fraud,Changed my mind,15,3,0,1
702,Package was empty,107,High,New,1,237.22,Cash on Delivery,Yes,Legitimate,Package was empty,17,3,0,3
703,Changed my mind,238,Medium,VIP,5,250.4,Cash on Delivery,Yes,Fraud,Changed my mind,15,3,0,2
704,Changed my mind,43,High,Returning,5,135.81,UPI,Yes,Fraud,Changed my mind,15,3,0,3
705,Product not as described,209,High,Returning,7,494.85,Cash on Delivery,Yes,Legitimate,Product not as described,24,4,0,3
706,Wrong product received,212,Low,New,7,170.64,Credit Card,Yes,Legitimate,Wrong product received,22,3,0,1
707,Package was empty,165,Medium,VIP,2,420.26,UPI,No,Fraud,Package was empty,17,3,0,2
708,Changed my mind,109,High,New,9,368.2,Net Banking,Yes,Fraud,Changed my mind,15,3,0,3
709,Defective after one use,234,Low,Returning,3,243.84,Cash on Delivery,Yes,Fraud,Defective after one use,23,4,0,1
710,Fake product received,279,Low,VIP,10,1322.06,UPI,Yes,Legitimate,Fake product received,21,3,1,1
711,Wrong product received,96,High,VIP,7,360.88,Credit Card,Yes,Fraud,Wrong product received,22,3,0,3
712,Size does not fit,127,Medium,Frequent,5,1237.47,Net Banking,Yes,Legitimate,Size does not fit,17,4,0,2
713,Item arrived damaged,295,Low,Returning,0,975.27,Credit Card,Yes,Legitimate,Item arrived damaged,20,3,0,1
714,Missing parts,186,Medium,Returning,10,1797.76,Debit Card,Yes,Fraud,Missing parts,13,2,0,2
715,Changed my mind,70,Low,VIP,3,757.31,Debit Card,Yes,Fraud,Changed my mind,15,3,0,1
716,Package was empty,268,Low,VIP,2,440.17,Cash on Delivery,No,Legitimate,Package was empty,17,3,0,1
717,Color mismatch,211,Low,VIP,3,1267.72,UPI,Yes,Fraud,Color mismatch,14,2,0,1
718,Product not as described,36,High,New,4,281.64,Net Banking,No,Fraud,Product not as described,24,4,0,3
719,Product not as described,195,Low,Frequent,9,322.01,Cash on Delivery,Yes,Legitimate,Product not as described,24,4,0,1
720,Wrong product received,230,High,VIP,3,1187.25,Net Banking,No,Legitimate,Wrong product received,22,3,0,3
721,Color mismatch,146,Low,Frequent,6,1163.14,Cash on Delivery,Yes,Legitimate,Color mismatch,14,2,0,1
722,Color mismatch,42,Low,VIP,8,76.9,Cash on Delivery,No,Fraud,Color mismatch,14,2,0,1
723,Wrong product received,251,Medium,Returning,1,1121.39,Credit Card,No,Legitimate,Wrong product received,22,3,0,2
724,Product not as described,203,Medium,Returning,10,1997.91,Credit Card,No,Fraud,Product not as described,24,4,0,2
725,Product not as described,255,High,New,7,932.88,Debit Card,No,Legitimate,Product not as described,24,4,0,3
726,Defective after one use,257,High,New,10,150.69,UPI,Yes,Fraud,Defective after one use,23,4,0,3
727,Color mismatch,158,High,Returning,10,171.11,UPI,Yes,Fraud,Color mismatch,14,2,0,3
728,Item arrived damaged,76,Medium,Frequent,7,1242.08,UPI,No,Legitimate,Item arrived damaged,20,3,0,2
729,Fake product received,54,High,Returning,2,1962.69,Debit Card,Yes,Fraud,Fake product received,21,3,1,3
730,Package was empty,127,High,Returning,5,711.9,UPI,No,Fraud,Package was empty,17,3,0,3
731,Item arrived damaged,52,Medium,Frequent,7,977.59,Cash on Delivery,Yes,Fraud,Item arrived damaged,20,3,0,2
732,Fake product received,292,Medium,VIP,9,742.61,Credit Card,Yes,Fraud,Fake product received,21,3,1,2
733,Wrong product received,61,Medium,Returning,4,1916.93,Credit Card,Yes,Legitimate,Wrong product received,22,3,0,2
734,Size does not fit,77,High,Returning,7,309.49,Debit Card,Yes,Fraud,Size does not fit,17,4,0,3
735,Color mismatch,297,Low,VIP,5,846.06,Credit Card,No,Legitimate,Color mismatch,14,2,0,1
736,Wrong product received,31,Low,Frequent,6,1161.62,UPI,No,Fraud,Wrong product received,22,3,0,1
737,Missing parts,175,High,Returning,4,351.76,UPI,Yes,Fraud,Missing parts,13,2,0,3
738,Defective after one use,167,Low,Returning,5,575.92,Debit Card,Yes,Fraud,Defective after one use,23,4,0,1
739,Product not as described,109,High,Returning,2,483.43,Credit Card,No,Legitimate,Product not as described,24,4,0,3
740,Missing parts,153,Medium,Returning,3,1129.35,Credit Card,No,Fraud,Missing parts,13,2,0,2
741,Product not as described,210,Medium,Returning,8,610.1,Credit Card,No,Fraud,Product not as described,24,4,0,2
742,Product not as described,254,Medium,Returning,0,1940.6,Cash on Delivery,No,Fraud,Product not as described,24,4,0,2
743,Missing parts,168,High,Returning,9,1459.8,Net Banking,No,Legitimate,Missing parts,13,2,0,3
744,Missing parts,40,Low,New,4,59.34,Cash on Delivery,Yes,Fraud,Missing parts,13,2,0,1
745,Defective after one use,67,Medium,New,9,1286.21,Cash on Delivery,Yes,Fraud,Defective after one use,23,4,0,2
746,Changed my mind,31,Low,VIP,10,1346.4,Credit Card,No,Legitimate,Changed my mind,15,3,0,1
747,Missing parts,182,High,New,10,728.52,Debit Card,No,Fraud,Missing parts,13,2,0,3
748,Color mismatch,210,Low,Frequent,5,709.2,Net Banking,Yes,Legitimate,Color mismatch,14,2,0,1
749,Missing parts,232,Medium,Frequent,2,1613.29,Net Banking,No,Legitimate,Missing parts,13,2,0,2
750,Package was empty,64,Low,Returning,4,954.48,Cash on Delivery,No,Legitimate,Package was empty,17,3,0,1
751,Package was empty,212,Low,New,6,1281.22,UPI,No,Legitimate,Package was empty,17,3,0,1
752,Fake product received,256,High,Returning,3,380.15,Net Banking,No,Fraud,Fake product received,21,3,1,3
753,Item arrived damaged,174,High,Frequent,7,1122.97,Net Banking,Yes,Legitimate,Item arrived damaged,20,3,0,3
754,Item arrived damaged,98,Medium,Frequent,10,1670.14,Net Banking,Yes,Fraud,Item arrived damaged,20,3,0,2
755,Color mismatch,111,Medium,Returning,0,247.52,UPI,No,Legitimate,Color mismatch,14,2,0,2
756,Package was empty,205,High,VIP,9,877.78,UPI,No,Legitimate,Package was empty,17,3,0,3
757,Defective after one use,282,High,New,4,334.07,Credit Card,Yes,Fraud,Defective after one use,23,4,0,3
758,Missing parts,89,Medium,Returning,0,552.61,Net Banking,No,Legitimate,Missing parts,13,2,0,2
759,Size does not fit,169,High,New,8,395.69,Debit Card,Yes,Legitimate,Size does not fit,17,4,0,3
760,Fake product received,185,Medium,Frequent,4,1374.03,UPI,Yes,Fraud,Fake product received,21,3,1,2
761,Product not as described,26,Low,Frequent,5,1559.83,Net Banking,No,Legitimate,Product not as described,24,4,0,1
762,Wrong product received,131,Low,Returning,3,1592.26,Cash on Delivery,Yes,Fraud,Wrong product received,22,3,0,1
763,Missing parts,59,Low,Returning,0,964.24,UPI,No,Legitimate,Missing parts,13,2,0,1
764,Missing parts,287,Medium,Returning,4,67.23,Credit Card,Yes,Legitimate,Missing parts,13,2,0,2
765,Product not as described,136,Medium,Returning,3,269.13,Credit Card,No,Legitimate,Product not as described,24,4,0,2
766,Wrong product received,29,Medium,VIP,0,400.74,Credit Card,Yes,Fraud,Wrong product received,22,3,0,2
767,Wrong product received,149,Low,New,4,1338.5,Credit Card,Yes,Legitimate,Wrong product received,22,3,0,1
768,Package was empty,122,Low,Frequent,0,190.65,UPI,No,Fraud,Package was empty,17,3,0,1
769,Product not as described,276,High,Returning,8,1144.77,Credit Card,Yes,Legitimate,Product not as described,24,4,0,3
770,Changed my mind,164,Low,New,1,1849.22,Cash on Delivery,No,Fraud,Changed my mind,15,3,0,1
771,Package was empty,114,Medium,New,2,1671.14,Net Banking,No,Legitimate,Package was empty,17,3,0,2
772,Fake product received,136,Medium,New,5,255.99,Credit Card,Yes,Fraud,Fake product received,21,3,1,2
773,Defective after one use,167,High,New,1,662.95,Credit Card,No,Fraud,Defective after one use,23,4,0,3
774,Missing parts,179,High,VIP,3,1112.29,UPI,No,Legitimate,Missing parts,13,2,0,3
775,Wrong product received,263,High,Frequent,2,35.44,Net Banking,Yes,Fraud,Wrong product received,22,3,0,3
776,Missing parts,287,High,New,1,295.3,Net Banking,Yes,Legitimate,Missing parts,13,2,0,3
777,Wrong product received,206,Low,Frequent,3,1193.97,Net Banking,Yes,Legitimate,Wrong product received,22,3,0,1
778,Color mismatch,275,Medium,Frequent,10,1887.02,UPI,No,Fraud,Color mismatch,14,2,0,2
779,Missing parts,281,Medium,Returning,7,224.99,UPI,No,Fraud,Missing parts,13,2,0,2
780,Changed my mind,88,Low,New,0,1662.32,Net Banking,Yes,Legitimate,Changed my mind,15,3,0,1
781,Color mismatch,187,Low,Frequent,9,1250.23,Credit Card,No,Fraud,Color mismatch,14,2,0,1
782,Changed my mind,170,High,VIP,7,1014.54,Cash on Delivery,No,Legitimate,Changed my mind,15,3,0,3
783,Item arrived damaged,240,Low,VIP,7,635.97,Net Banking,No,Fraud,Item arrived damaged,20,3,0,1
784,Item arrived damaged,36,Low,Frequent,2,988.04,Debit Card,No,Fraud,Item arrived damaged,20,3,0,1
785,Missing parts,76,High,VIP,10,1112.03,Cash on Delivery,No,Fraud,Missing parts,13,2,0,3
786,Fake product received,100,High,New,6,534.15,Cash on Delivery,No,Fraud,Fake product received,21,3,1,3
787,Size does not fit,184,Low,New,9,99.79,UPI,No,Legitimate,Size does not fit,17,4,0,1
788,Defective after one use,214,Low,VIP,5,1983.97,Net Banking,No,Legitimate,Defective after one use,23,4,0,1
789,Changed my mind,146,Low,Frequent,9,179.03,Credit Card,No,Legitimate,Changed my mind,15,3,0,1
790,Defective after one use,106,Low,Frequent,0,927.21,Net Banking,No,Fraud,Defective after one use,23,4,0,1
791,Item arrived damaged,260,High,New,5,761.7,Net Banking,No,Legitimate,Item arrived damaged,20,3,0,3
792,Missing parts,71,High,Returning,5,998.5,UPI,Yes,Fraud,Missing parts,13,2,0,3
793,Defective after one use,243,Low,VIP,10,1696.19,Credit Card,Yes,Fraud,Defective after one use,23,4,0,1
794,Size does not fit,44,Medium,VIP,3,1252.9,Credit Card,Yes,Fraud,Size does not fit,17,4,0,2
795,Size does not fit,54,High,VIP,6,427.38,Credit Card,No,Fraud,Size does not fit,17,4,0,3
796,Color mismatch,296,Medium,Returning,6,810.58,Cash on Delivery,No,Legitimate,Color mismatch,14,2,0,2
797,Item arrived damaged,284,Low,VIP,3,1325.0,Net Banking,No,Fraud,Item arrived damaged,20,3,0,1
798,Package was empty,50,High,Returning,5,930.35,Debit Card,Yes,Fraud,Package was empty,17,3,0,3
799,Color mismatch,230,Medium,New,10,415.08,Net Banking,No,Fraud,Color mismatch,14,2,0,2
800,Product not as described,151,High,Returning,6,484.58,Debit Card,Yes,Legitimate,Product not as described,24,4,0,3
801,Changed my mind,178,Medium,VIP,8,1982.67,Net Banking,Yes,Legitimate,Changed my mind,15,3,0,2
802,Product not as described,159,Low,New,4,1581.44,UPI,Yes,Legitimate,Product not as described,24,4,0,1
803,Missing parts,30,Low,New,5,1207.18,Credit Card,No,Fraud,Missing parts,13,2,0,1
804,Wrong product received,223,High,Returning,3,232.75,Cash on Delivery,Yes,Fraud,Wrong product received,22,3,0,3
805,Missing parts,66,Low,New,5,665.28,Cash on Delivery,No,Legitimate,Missing parts,13,2,0,1
806,Color mismatch,131,Low,New,2,436.08,UPI,No,Fraud,Color mismatch,14,2,0,1
807,Size does not fit,48,Medium,Frequent,1,639.81,Net Banking,No,Legitimate,Size does not fit,17,4,0,2
808,Size does not fit,94,Medium,VIP,5,1644.52,Credit Card,Yes,Legitimate,Size does not fit,17,4,0,2
809,Changed my mind,149,High,VIP,4,1281.51,UPI,Yes,Legitimate,Changed my mind,15,3,0,3
810,Missing parts,218,Low,VIP,4,608.77,Debit Card,No,Legitimate,Missing parts,13,2,0,1
811,Product not as described,244,High,Frequent,10,818.51,Credit Card,No,Legitimate,Product not as described,24,4,0,3
812,Missing parts,261,High,VIP,5,1437.6,Credit Card,Yes,Fraud,Missing parts,13,2,0,3
813,Fake product received,53,Medium,VIP,9,1461.17,Cash on Delivery,No,Fraud,Fake product received,21,3,1,2
814,Item arrived damaged,46,High,Returning,10,892.38,Debit Card,Yes,Fraud,Item arrived damaged,20,3,0,3
815,Changed my mind,176,Medium,New,1,324.07,Cash on Delivery,Yes,Fraud,Changed my mind,15,3,0,2
816,Defective after one use,251,Medium,Returning,4,355.22,Cash on Delivery,No,Fraud,Defective after one use,23,4,0,2
817,Changed my mind,63,Medium,Frequent,2,793.05,Net Banking,Yes,Legitimate,Changed my mind,15,3,0,2
818,Item arrived damaged,137,Low,VIP,3,530.95,Debit Card,Yes,Fraud,Item arrived damaged,20,3,0,1
819,Package was empty,239,High,Frequent,2,187.23,UPI,Yes,Legitimate,Package was empty,17,3,0,3
820,Item arrived damaged,289,Medium,VIP,10,993.36,Debit Card,Yes,Legitimate,Item arrived damaged,20,3,0,2
821,Size does not fit,167,High,VIP,6,269.1,Debit Card,Yes,Fraud,Size does not fit,17,4,0,3
822,Changed my mind,234,Low,VIP,2,67.26,UPI,Yes,Fraud,Changed my mind,15,3,0,1
823,Changed my mind,209,High,VIP,1,30.54,Debit Card,No,Fraud,Changed my mind,15,3,0,3
824,Changed my mind,216,High,VIP,9,519.89,Credit Card,Yes,Legitimate,Changed my mind,15,3,0,3
825,Defective after one use,140,Medium,Frequent,9,1879.25,Cash on Delivery,Yes,Legitimate,Defective after one use,23,4,0,2
826,Size does not fit,278,High,VIP,4,1955.27,UPI,Yes,Legitimate,Size does not fit,17,4,0,3
827,Package was empty,111,Medium,Returning,8,990.75,UPI,No,Legitimate,Package was empty,17,3,0,2
828,Wrong product received,182,High,VIP,2,528.21,UPI,Yes,Legitimate,Wrong product received,22,3,0,3
829,Missing parts,163,High,Frequent,6,573.02,UPI,No,Fraud,Missing parts,13,2,0,3
830,Color mismatch,104,Medium,VIP,2,1115.79,Net Banking,Yes,Legitimate,Color mismatch,14,2,0,2
831,Product not as described,47,Low,Returning,0,945.79,Debit Card,No,Fraud,Product not as described,24,4,0,1
832,Wrong product received,273,Low,VIP,5,1977.75,Cash on Delivery,No,Fraud,Wrong product received,22,3,0,1
833,Missing parts,77,High,Returning,1,705.71,Debit Card,No,Legitimate,Missing parts,13,2,0,3
834,Product not as described,280,Medium,Returning,9,1996.03,Credit Card,Yes,Fraud,Product not as described,24,4,0,2
835,Wrong product received,146,Medium,New,5,61.66,Credit Card,No,Fraud,Wrong product received,22,3,0,2
836,Package was empty,74,Medium,Returning,0,171.32,Net Banking,No,Fraud,Package was empty,17,3,0,2
837,Package was empty,22,Medium,New,10,1248.51,Net Banking,No,Legitimate,Package was empty,17,3,0,2
838,Changed my mind,44,High,Frequent,5,1598.31,Credit Card,No,Legitimate,Changed my mind,15,3,0,3
839,Color mismatch,150,Low,Returning,6,187.48,Debit Card,Yes,Fraud,Color mismatch,14,2,0,1
840,Color mismatch,165,High,Returning,1,604.11,Net Banking,No,Legitimate,Color mismatch,14,2,0,3
841,Defective after one use,69,Medium,Returning,7,896.43,Net Banking,No,Fraud,Defective after one use,23,4,0,2
842,Package was empty,236,Low,VIP,5,1231.6,Net Banking,No,Legitimate,Package was empty,17,3,0,1
843,Item arrived damaged,282,Medium,VIP,10,456.22,Debit Card,No,Legitimate,Item arrived damaged,20,3,0,2
844,Size does not fit,259,Medium,New,7,607.78,Debit Card,No,Legitimate,Size does not fit,17,4,0,2
845,Fake product received,238,Medium,New,8,162.3,Credit Card,Yes,Fraud,Fake product received,21,3,1,2
846,Color mismatch,68,Medium,Frequent,5,517.17,Credit Card,Yes,Legitimate,Color mismatch,14,2,0,2
847,Missing parts,111,Low,VIP,0,175.75,UPI,No,Fraud,Missing parts,13,2,0,1
848,Missing parts,155,Medium,Returning,3,378.32,Cash on Delivery,No,Legitimate,Missing parts,13,2,0,2
849,Color mismatch,293,Low,New,6,242.19,Debit Card,No,Fraud,Color mismatch,14,2,0,1
850,Color mismatch,269,Medium,Frequent,10,1926.65,Net Banking,No,Legitimate,Color mismatch,14,2,0,2
